proposal_id,title,issue_type,severity,detail,current_category,current_department,current_policies,recommendation
PROP-202432,서울시 양육지원 서비스 이용대상 확대 및 종로구 백일·돌상 촬영공간 조성 건의,TAG_REVIEW,medium,"현재 태그=정보·상담·교육·거버넌스, 태그 핵심어 약함",정보·상담·교육·거버넌스,저출생사업1팀,,본문 기준 수동 재검토
PROP-202389,친환경 수열 에너지 및 빗물 순환 기술을 적용한 '[자양한강도서관] 유수지 복합 스포츠센터(아이스링크)' 건립 제안,TAG_REVIEW,medium,"현재 태그=정보·상담·교육·거버넌스, 태그 핵심어 약함",정보·상담·교육·거버넌스,저출생사업1팀,,본문 기준 수동 재검토
PROP-202344,유아숲체험원 운영 용역사업 평가 개선 건의문,TAG_REVIEW,medium,"현재 태그=정보·상담·교육·거버넌스, 태그 핵심어 약함",정보·상담·교육·거버넌스,저출생사업1팀,,본문 기준 수동 재검토
PROP-202264,[BTF푸른나무재단] 아이들이 안전한 학교를 위한 학교폭력 예방 및 대응 정책 제안서 전달,TAG_REVIEW,medium,"현재 태그=정보·상담·교육·거버넌스, 태그 핵심어 약함",정보·상담·교육·거버넌스,저출생사업1팀,,본문 기준 수동 재검토
PROP-202191,지역아동센터앞 교통안전을 위해서 붉은색으로 도로 안전구역 표시 부탁드립니다.,TAG_REVIEW,medium,"현재 태그=정보·상담·교육·거버넌스, 태그 핵심어 약함",정보·상담·교육·거버넌스,저출생사업1팀,,본문 기준 수동 재검토
PROP-201995,어린이 보호구역내 인도의 표지판 기둥 하단 밝은 스티커 부착 제안,TAG_REVIEW,medium,"현재 태그=정보·상담·교육·거버넌스, 태그 핵심어 약함",정보·상담·교육·거버넌스,저출생사업1팀,,본문 기준 수동 재검토
PROP-201853,강남구보건소 예방접종 프로그램을  다른구 보건소에서 진행하게 해주세요,TAG_REVIEW,medium,"현재 태그=보육·돌봄 인프라, 태그 핵심어 약함",보육·돌봄 인프라,돌봄사업팀,,본문 기준 수동 재검토
PROP-201849,"아이들이 넘어지고 차가 부서지는 ""턱"" 대신, 기술이 있는 ""안전한 평면도로""를 제안합니다.",TAG_REVIEW,medium,"현재 태그=정보·상담·교육·거버넌스, 태그 핵심어 약함",정보·상담·교육·거버넌스,저출생사업1팀,,본문 기준 수동 재검토
PROP-201635,차상위계층 신청 시 가구원 수 및 다자녀 여부를 고려한 차량 가액 기준 완화 제안,POLICY_REMOVED,high,공공요금 감면 요구가 아닌 제안에 공공요금 정책 후보: 다자녀 가구 하수도사용료 감면,다자녀·양육비·생활지원,저출생사업1팀,다자녀 가구 하수도사용료 감면,자동 제거 완료
PROP-201635,차상위계층 신청 시 가구원 수 및 다자녀 여부를 고려한 차량 가액 기준 완화 제안,POLICY_REMOVED,high,차량 취득세 요구가 아닌 제안에 취득세 정책 후보: 다자녀 가구 자동차 취득세 감면,다자녀·양육비·생활지원,저출생사업1팀,다자녀 가구 자동차 취득세 감면,자동 제거 완료
PROP-201635,차상위계층 신청 시 가구원 수 및 다자녀 여부를 고려한 차량 가액 기준 완화 제안,POLICY_REMOVED,high,차량 취득세 요구가 아닌 제안에 취득세 정책 후보: 다자녀가구 자동차 취득세 취약계층 감면,다자녀·양육비·생활지원,저출생사업1팀,다자녀가구 자동차 취득세 취약계층 감면,자동 제거 완료
PROP-201626,어린이 보호구역 차량단속,TAG_REVIEW,medium,"현재 태그=정보·상담·교육·거버넌스, 태그 핵심어 약함",정보·상담·교육·거버넌스,저출생사업1팀,,본문 기준 수동 재검토
PROP-201278,서울시 공공자전거 따릉이 다자녀가구 할인 도입 제안,POLICY_REMOVED,high,공공요금 감면 요구가 아닌 제안에 공공요금 정책 후보: 다자녀 가구 하수도사용료 감면,다자녀·양육비·생활지원,저출생사업1팀,다자녀 가구 하수도사용료 감면,자동 제거 완료
PROP-201278,서울시 공공자전거 따릉이 다자녀가구 할인 도입 제안,POLICY_REMOVED,high,차량 취득세 요구가 아닌 제안에 취득세 정책 후보: 다자녀 가구 자동차 취득세 감면,다자녀·양육비·생활지원,저출생사업1팀,다자녀 가구 자동차 취득세 감면,자동 제거 완료
PROP-201278,서울시 공공자전거 따릉이 다자녀가구 할인 도입 제안,POLICY_REMOVED,high,차량 취득세 요구가 아닌 제안에 취득세 정책 후보: 다자녀가구 자동차 취득세 취약계층 감면,다자녀·양육비·생활지원,저출생사업1팀,다자녀가구 자동차 취득세 취약계층 감면,자동 제거 완료
PROP-201115,여의신월지하차도 다자녀(3자녀 이상) 가구 통행료 할인 적용 제안,POLICY_REMOVED,high,공공요금 감면 요구가 아닌 제안에 공공요금 정책 후보: 다자녀 가구 하수도사용료 감면,다자녀·양육비·생활지원,저출생사업1팀,다자녀 가구 하수도사용료 감면,자동 제거 완료
PROP-201115,여의신월지하차도 다자녀(3자녀 이상) 가구 통행료 할인 적용 제안,POLICY_REMOVED,high,차량 취득세 요구가 아닌 제안에 취득세 정책 후보: 다자녀 가구 자동차 취득세 감면,다자녀·양육비·생활지원,저출생사업1팀,다자녀 가구 자동차 취득세 감면,자동 제거 완료
PROP-201115,여의신월지하차도 다자녀(3자녀 이상) 가구 통행료 할인 적용 제안,POLICY_REMOVED,high,차량 취득세 요구가 아닌 제안에 취득세 정책 후보: 다자녀가구 자동차 취득세 취약계층 감면,다자녀·양육비·생활지원,저출생사업1팀,다자녀가구 자동차 취득세 취약계층 감면,자동 제거 완료
PROP-201102,서울시 자치구별 다자녀 혜택의 문제점,POLICY_REMOVED,high,공공요금 감면 요구가 아닌 제안에 공공요금 정책 후보: 다자녀 가구 하수도사용료 감면,다자녀·양육비·생활지원,저출생사업1팀,다자녀 가구 하수도사용료 감면,자동 제거 완료
PROP-201102,서울시 자치구별 다자녀 혜택의 문제점,POLICY_REMOVED,high,차량 취득세 요구가 아닌 제안에 취득세 정책 후보: 다자녀 가구 자동차 취득세 감면,다자녀·양육비·생활지원,저출생사업1팀,다자녀 가구 자동차 취득세 감면,자동 제거 완료
PROP-201102,서울시 자치구별 다자녀 혜택의 문제점,POLICY_REMOVED,high,차량 취득세 요구가 아닌 제안에 취득세 정책 후보: 다자녀가구 자동차 취득세 취약계층 감면,다자녀·양육비·생활지원,저출생사업1팀,다자녀가구 자동차 취득세 취약계층 감면,자동 제거 완료
PROP-200496,서울시 신혼부부 살림비 지원,TAG_REVIEW,medium,"현재 태그=주거·교통·도시생활환경, 태그 핵심어 약함",주거·교통·도시생활환경,저출생사업1팀,신혼부부 결혼ㆍ살림비용 지원; 신혼희망타운; 신혼부부 전용 주택 구입 자금 대출; 신혼부부 임차보증금 이자 지원,본문 기준 수동 재검토
PROP-200427,경춘선 숲길에 아이들을 위한 미니 기차 놀이 시설을 설치해주세요,TAG_REVIEW,medium,"현재 태그=정보·상담·교육·거버넌스, 태그 핵심어 약함",정보·상담·교육·거버넌스,저출생사업1팀,,본문 기준 수동 재검토
PROP-200411,서울시 신혼부부 결혼살림비 지원,TAG_REVIEW,medium,"현재 태그=주거·교통·도시생활환경, 태그 핵심어 약함",주거·교통·도시생활환경,저출생사업1팀,신혼부부 결혼ㆍ살림비용 지원; 신혼희망타운; 신혼부부 전용 주택 구입 자금 대출; 신혼부부 임차보증금 이자 지원,본문 기준 수동 재검토
PROP-200129,예비 신혼부부를 위한 ‘서울시 미리내집’ 소득기준 개선 요청,TAG_REVIEW,medium,"현재 태그=주거·교통·도시생활환경, 태그 핵심어 약함",주거·교통·도시생활환경,저출생사업1팀,신혼부부 결혼ㆍ살림비용 지원; 신혼희망타운; 신혼부부 전용 주택 구입 자금 대출; 신혼부부 임차보증금 이자 지원,본문 기준 수동 재검토
PROP-199706,불법주정차 구역중 어린이보호구역 중 초등학교정문앞도로 시간 제한 폐지,TAG_REVIEW,medium,"현재 태그=정보·상담·교육·거버넌스, 태그 핵심어 약함",정보·상담·교육·거버넌스,저출생사업1팀,,본문 기준 수동 재검토
PROP-199629,유아차런 유아 참여 연령 상향,TAG_REVIEW,medium,"현재 태그=주거·교통·도시생활환경, 태그 핵심어 약함",주거·교통·도시생활환경,저출생사업1팀,,본문 기준 수동 재검토
PROP-199348,"마루공원에 유아용 농구코트, 축구코트 설치",TAG_REVIEW,medium,"현재 태그=정보·상담·교육·거버넌스, 태그 핵심어 약함",정보·상담·교육·거버넌스,저출생사업1팀,,본문 기준 수동 재검토
PROP-199044,서울시 다자녀 할인 정책의 지역 제한 완화 요청,POLICY_REMOVED,high,공공요금 감면 요구가 아닌 제안에 공공요금 정책 후보: 다자녀 가구 하수도사용료 감면,다자녀·양육비·생활지원,저출생사업1팀,다자녀 가구 하수도사용료 감면,자동 제거 완료
PROP-199044,서울시 다자녀 할인 정책의 지역 제한 완화 요청,POLICY_REMOVED,high,차량 취득세 요구가 아닌 제안에 취득세 정책 후보: 다자녀 가구 자동차 취득세 감면,다자녀·양육비·생활지원,저출생사업1팀,다자녀 가구 자동차 취득세 감면,자동 제거 완료
PROP-199044,서울시 다자녀 할인 정책의 지역 제한 완화 요청,POLICY_REMOVED,high,차량 취득세 요구가 아닌 제안에 취득세 정책 후보: 다자녀가구 자동차 취득세 취약계층 감면,다자녀·양육비·생활지원,저출생사업1팀,다자녀가구 자동차 취득세 취약계층 감면,자동 제거 완료
PROP-198861,아이들.청소년을위한공간들,TAG_REVIEW,medium,"현재 태그=정보·상담·교육·거버넌스, 태그 핵심어 약함",정보·상담·교육·거버넌스,가족지원팀,,본문 기준 수동 재검토
PROP-198843,과속방지카메라로 아이들의 안전을,TAG_REVIEW,medium,"현재 태그=정보·상담·교육·거버넌스, 태그 핵심어 약함",정보·상담·교육·거버넌스,저출생사업1팀,,본문 기준 수동 재검토
PROP-198713,마포구 대흥로20안길 어린이 보호구역 및 일방통행  지정 제안,TAG_REVIEW,medium,"현재 태그=정보·상담·교육·거버넌스, 태그 핵심어 약함",정보·상담·교육·거버넌스,저출생사업1팀,,본문 기준 수동 재검토
PROP-198646,어린이보호구역 속도규제,TAG_REVIEW,medium,"현재 태그=정보·상담·교육·거버넌스, 태그 핵심어 약함",정보·상담·교육·거버넌스,저출생사업1팀,,본문 기준 수동 재검토
PROP-198483,어린이보호구역 야간 시간 해제,TAG_REVIEW,medium,"현재 태그=정보·상담·교육·거버넌스, 태그 핵심어 약함",정보·상담·교육·거버넌스,저출생사업1팀,,본문 기준 수동 재검토
PROP-198406,다자녀감면 시 공영주차장은 되고 자치구 내 공영주차장은 안되는 규제 해제,POLICY_REMOVED,high,공공요금 감면 요구가 아닌 제안에 공공요금 정책 후보: 다자녀 가구 하수도사용료 감면,다자녀·양육비·생활지원,저출생사업1팀,다자녀 가구 하수도사용료 감면,자동 제거 완료
PROP-198406,다자녀감면 시 공영주차장은 되고 자치구 내 공영주차장은 안되는 규제 해제,POLICY_REMOVED,high,차량 취득세 요구가 아닌 제안에 취득세 정책 후보: 다자녀 가구 자동차 취득세 감면,다자녀·양육비·생활지원,저출생사업1팀,다자녀 가구 자동차 취득세 감면,자동 제거 완료
PROP-198406,다자녀감면 시 공영주차장은 되고 자치구 내 공영주차장은 안되는 규제 해제,POLICY_REMOVED,high,차량 취득세 요구가 아닌 제안에 취득세 정책 후보: 다자녀가구 자동차 취득세 취약계층 감면,다자녀·양육비·생활지원,저출생사업1팀,다자녀가구 자동차 취득세 취약계층 감면,자동 제거 완료
PROP-198288,다자녀 아이들 혜택,POLICY_REMOVED,high,차량 취득세 요구가 아닌 제안에 취득세 정책 후보: 다자녀 가구 자동차 취득세 감면,다자녀·양육비·생활지원,저출생사업1팀,다자녀 가구 자동차 취득세 감면,자동 제거 완료
PROP-198265,서울시 공영주차장 다자녀 감면 혜택 확대 제안,POLICY_REMOVED,high,차량 취득세 요구가 아닌 제안에 취득세 정책 후보: 다자녀 가구 자동차 취득세 감면,다자녀·양육비·생활지원,저출생사업1팀,다자녀 가구 자동차 취득세 감면,자동 제거 완료
PROP-198265,서울시 공영주차장 다자녀 감면 혜택 확대 제안,POLICY_REMOVED,high,공공요금 감면 요구가 아닌 제안에 공공요금 정책 후보: 다자녀 가구 하수도사용료 감면,다자녀·양육비·생활지원,저출생사업1팀,다자녀 가구 하수도사용료 감면,자동 제거 완료
PROP-198243,다자녀 적용 범위 동일 적용,POLICY_REMOVED,high,차량 취득세 요구가 아닌 제안에 취득세 정책 후보: 다자녀 가구 자동차 취득세 감면,다자녀·양육비·생활지원,저출생사업1팀,다자녀 가구 자동차 취득세 감면,자동 제거 완료
PROP-198243,다자녀 적용 범위 동일 적용,POLICY_REMOVED,high,차량 취득세 요구가 아닌 제안에 취득세 정책 후보: 다자녀가구 자동차 취득세 취약계층 감면,다자녀·양육비·생활지원,저출생사업1팀,다자녀가구 자동차 취득세 취약계층 감면,자동 제거 완료
PROP-198203,야간 어린이 보호구역 30km속도제한 해제,TAG_REVIEW,medium,"현재 태그=정보·상담·교육·거버넌스, 태그 핵심어 약함",정보·상담·교육·거버넌스,저출생사업1팀,,본문 기준 수동 재검토
PROP-198192,다자녀관련 공영주차장요금 할인,POLICY_REMOVED,high,공공요금 감면 요구가 아닌 제안에 공공요금 정책 후보: 다자녀 가구 하수도사용료 감면,다자녀·양육비·생활지원,저출생사업1팀,다자녀 가구 하수도사용료 감면,자동 제거 완료
PROP-198192,다자녀관련 공영주차장요금 할인,POLICY_REMOVED,high,차량 취득세 요구가 아닌 제안에 취득세 정책 후보: 다자녀 가구 자동차 취득세 감면,다자녀·양육비·생활지원,저출생사업1팀,다자녀 가구 자동차 취득세 감면,자동 제거 완료
PROP-198192,다자녀관련 공영주차장요금 할인,POLICY_REMOVED,high,차량 취득세 요구가 아닌 제안에 취득세 정책 후보: 다자녀가구 자동차 취득세 취약계층 감면,다자녀·양육비·생활지원,저출생사업1팀,다자녀가구 자동차 취득세 취약계층 감면,자동 제거 완료
PROP-198063,자녀수와 연계한 보증금지원형 장기안심주택 지원 세분화,TAG_REVIEW,medium,"현재 태그=정보·상담·교육·거버넌스, 태그 핵심어 약함",정보·상담·교육·거버넌스,저출생사업1팀,,본문 기준 수동 재검토
PROP-198050,지하철역사내 유휴공간을 활용한 고객휴개실 또는 육아실 조성 제안,TAG_REVIEW,medium,"현재 태그=정보·상담·교육·거버넌스, 태그 핵심어 약함",정보·상담·교육·거버넌스,저출생사업1팀,임산부 배려공간 조성,본문 기준 수동 재검토
PROP-197999,어린이보호구역,TAG_REVIEW,medium,"현재 태그=정보·상담·교육·거버넌스, 태그 핵심어 약함",정보·상담·교육·거버넌스,저출생사업1팀,,본문 기준 수동 재검토
PROP-197934,어린이보호구역,TAG_REVIEW,medium,"현재 태그=정보·상담·교육·거버넌스, 태그 핵심어 약함",정보·상담·교육·거버넌스,저출생사업1팀,,본문 기준 수동 재검토
PROP-197918,어린이보호구역 시간제 운영,TAG_REVIEW,medium,"현재 태그=정보·상담·교육·거버넌스, 태그 핵심어 약함",정보·상담·교육·거버넌스,저출생사업1팀,,본문 기준 수동 재검토
PROP-197901,도서관 가족회원 통합의 건,TAG_REVIEW,medium,"현재 태그=정보·상담·교육·거버넌스, 태그 핵심어 약함",정보·상담·교육·거버넌스,저출생사업1팀,,본문 기준 수동 재검토
PROP-197873,청년안심주택 반려동물 양육 및 출입금지 규정 폐지 요청드립니다.,TAG_REVIEW,medium,"현재 태그=정보·상담·교육·거버넌스, 태그 핵심어 약함",정보·상담·교육·거버넌스,저출생사업1팀,,본문 기준 수동 재검토
PROP-197702,다자녀 서울런 확대 강력히 요청합니다,POLICY_REMOVED,high,공공요금 감면 요구가 아닌 제안에 공공요금 정책 후보: 다자녀 가구 하수도사용료 감면,다자녀·양육비·생활지원,저출생사업1팀,다자녀 가구 하수도사용료 감면,자동 제거 완료
PROP-197702,다자녀 서울런 확대 강력히 요청합니다,POLICY_REMOVED,high,차량 취득세 요구가 아닌 제안에 취득세 정책 후보: 다자녀 가구 자동차 취득세 감면,다자녀·양육비·생활지원,저출생사업1팀,다자녀 가구 자동차 취득세 감면,자동 제거 완료
PROP-197702,다자녀 서울런 확대 강력히 요청합니다,POLICY_REMOVED,high,차량 취득세 요구가 아닌 제안에 취득세 정책 후보: 다자녀가구 자동차 취득세 취약계층 감면,다자녀·양육비·생활지원,저출생사업1팀,다자녀가구 자동차 취득세 취약계층 감면,자동 제거 완료
PROP-197676,애완견 외출시 기저귀 채워 주세요,TAG_REVIEW,medium,"현재 태그=다자녀·양육비·생활지원, 태그 핵심어 약함",다자녀·양육비·생활지원,저출생사업1팀,,본문 기준 수동 재검토
PROP-197295,어린이 등하굣길 교통안전지도 사업제안,TAG_REVIEW,medium,"현재 태그=정보·상담·교육·거버넌스, 태그 핵심어 약함",정보·상담·교육·거버넌스,저출생사업1팀,영아 전담 아이돌봄서비스; 외국인 가사(육아)인력 시범사업; 1인 자영업자 등 배우자 출산휴가급여 지원; 1인 자영업자?프리랜서 배우자 출산휴가 지원금; 서울시 중소기업 워라밸 포인트제,본문 기준 수동 재검토
PROP-197259,"우리 아이들, 동네 아이들 안전하게 다닐수 있게 도와주세요!!!",TAG_REVIEW,medium,"현재 태그=정보·상담·교육·거버넌스, 태그 핵심어 약함",정보·상담·교육·거버넌스,저출생사업1팀,,본문 기준 수동 재검토
PROP-197171,어린이보호구역 노인일자리,TAG_REVIEW,medium,"현재 태그=정보·상담·교육·거버넌스, 태그 핵심어 약함",정보·상담·교육·거버넌스,저출생사업1팀,,본문 기준 수동 재검토
PROP-197002,어린이보호구역내 속도제한의 탄력조정운영제안,TAG_REVIEW,medium,"현재 태그=정보·상담·교육·거버넌스, 태그 핵심어 약함",정보·상담·교육·거버넌스,저출생사업1팀,,본문 기준 수동 재검토
PROP-196829,우리 아이들이 안전하게 자랄 수 있도록 사당 15구역 재개발 추진해 주세요.,TAG_REVIEW,medium,"현재 태그=정보·상담·교육·거버넌스, 태그 핵심어 약함",정보·상담·교육·거버넌스,저출생사업1팀,,본문 기준 수동 재검토
PROP-196722,어린이 보호 구역 시점과 종점 바닥 그리고 어린이 보호구역에 있는 방호 울타리를 전부 노란색으로 칠해 주세요.,TAG_REVIEW,medium,"현재 태그=정보·상담·교육·거버넌스, 태그 핵심어 약함",정보·상담·교육·거버넌스,저출생사업1팀,,본문 기준 수동 재검토
PROP-196601,서울런 다자녀 혜택,POLICY_REMOVED,high,공공요금 감면 요구가 아닌 제안에 공공요금 정책 후보: 다자녀 가구 하수도사용료 감면,다자녀·양육비·생활지원,저출생사업1팀,다자녀 가구 하수도사용료 감면,자동 제거 완료
PROP-196601,서울런 다자녀 혜택,POLICY_REMOVED,high,차량 취득세 요구가 아닌 제안에 취득세 정책 후보: 다자녀 가구 자동차 취득세 감면,다자녀·양육비·생활지원,저출생사업1팀,다자녀 가구 자동차 취득세 감면,자동 제거 완료
PROP-196434,고등학생 하원 택시 운영제도,TAG_REVIEW,medium,"현재 태그=보육·돌봄 인프라, 태그 핵심어 약함",보육·돌봄 인프라,돌봄사업팀,,본문 기준 수동 재검토
PROP-196158,영유아 부모 우대 교통 정책,TAG_REVIEW,medium,"현재 태그=정보·상담·교육·거버넌스, 태그 핵심어 약함",정보·상담·교육·거버넌스,저출생사업1팀,,본문 기준 수동 재검토
PROP-195744,스쿨존 어린이 스마트폰 사용 제안,TAG_REVIEW,medium,"현재 태그=정보·상담·교육·거버넌스, 태그 핵심어 약함",정보·상담·교육·거버넌스,저출생사업1팀,,본문 기준 수동 재검토
PROP-195684,유급 육아시간 확대 사용 건의,TAG_REVIEW,medium,"현재 태그=정보·상담·교육·거버넌스, 태그 핵심어 약함",정보·상담·교육·거버넌스,저출생사업1팀,,본문 기준 수동 재검토
PROP-195676,서울런 다자녀 확대 시기,POLICY_REMOVED,high,공공요금 감면 요구가 아닌 제안에 공공요금 정책 후보: 다자녀 가구 하수도사용료 감면,다자녀·양육비·생활지원,저출생사업1팀,다자녀 가구 하수도사용료 감면,자동 제거 완료
PROP-195676,서울런 다자녀 확대 시기,POLICY_REMOVED,high,차량 취득세 요구가 아닌 제안에 취득세 정책 후보: 다자녀 가구 자동차 취득세 감면,다자녀·양육비·생활지원,저출생사업1팀,다자녀 가구 자동차 취득세 감면,자동 제거 완료
PROP-195671,[제도개선]다자녀 가정의 시·도 간 주차요금 감면 혜택 제도적 보완 제안,POLICY_REMOVED,high,공공요금 감면 요구가 아닌 제안에 공공요금 정책 후보: 다자녀 가구 하수도사용료 감면,다자녀·양육비·생활지원,저출생사업1팀,다자녀 가구 하수도사용료 감면,자동 제거 완료
PROP-195671,[제도개선]다자녀 가정의 시·도 간 주차요금 감면 혜택 제도적 보완 제안,POLICY_REMOVED,high,차량 취득세 요구가 아닌 제안에 취득세 정책 후보: 다자녀 가구 자동차 취득세 감면,다자녀·양육비·생활지원,저출생사업1팀,다자녀 가구 자동차 취득세 감면,자동 제거 완료
PROP-195671,[제도개선]다자녀 가정의 시·도 간 주차요금 감면 혜택 제도적 보완 제안,POLICY_REMOVED,high,차량 취득세 요구가 아닌 제안에 취득세 정책 후보: 다자녀가구 자동차 취득세 취약계층 감면,다자녀·양육비·생활지원,저출생사업1팀,다자녀가구 자동차 취득세 취약계층 감면,자동 제거 완료
PROP-195657,다자녀 할인 확대,POLICY_REMOVED,high,공공요금 감면 요구가 아닌 제안에 공공요금 정책 후보: 다자녀 가구 하수도사용료 감면,다자녀·양육비·생활지원,저출생사업1팀,다자녀 가구 하수도사용료 감면,자동 제거 완료
PROP-195657,다자녀 할인 확대,POLICY_REMOVED,high,차량 취득세 요구가 아닌 제안에 취득세 정책 후보: 다자녀 가구 자동차 취득세 감면,다자녀·양육비·생활지원,저출생사업1팀,다자녀 가구 자동차 취득세 감면,자동 제거 완료
PROP-195491,휘경2동 아이들을 위한 시설을 만들어 주세요,TAG_REVIEW,medium,"현재 태그=정보·상담·교육·거버넌스, 태그 핵심어 약함",정보·상담·교육·거버넌스,저출생사업1팀,,본문 기준 수동 재검토
PROP-195464,구에서 운영하는 체육시설에 대해 다자녀 3명 → 2명으로 변경 제한 드립니다.,POLICY_REMOVED,high,공공요금 감면 요구가 아닌 제안에 공공요금 정책 후보: 다자녀 가구 하수도사용료 감면,다자녀·양육비·생활지원,저출생사업1팀,다자녀 가구 하수도사용료 감면,자동 제거 완료
PROP-195464,구에서 운영하는 체육시설에 대해 다자녀 3명 → 2명으로 변경 제한 드립니다.,POLICY_REMOVED,high,차량 취득세 요구가 아닌 제안에 취득세 정책 후보: 다자녀 가구 자동차 취득세 감면,다자녀·양육비·생활지원,저출생사업1팀,다자녀 가구 자동차 취득세 감면,자동 제거 완료
PROP-195464,구에서 운영하는 체육시설에 대해 다자녀 3명 → 2명으로 변경 제한 드립니다.,POLICY_REMOVED,high,차량 취득세 요구가 아닌 제안에 취득세 정책 후보: 다자녀가구 자동차 취득세 취약계층 감면,다자녀·양육비·생활지원,저출생사업1팀,다자녀가구 자동차 취득세 취약계층 감면,자동 제거 완료
PROP-195192,어린이 보호구역 건널목,TAG_REVIEW,medium,"현재 태그=정보·상담·교육·거버넌스, 태그 핵심어 약함",정보·상담·교육·거버넌스,저출생사업1팀,,본문 기준 수동 재검토
PROP-195163,어린이보호구역내 교통사고 방지를 위한 교통시설물 변경설치 및 작업제한,TAG_REVIEW,medium,"현재 태그=정보·상담·교육·거버넌스, 태그 핵심어 약함",정보·상담·교육·거버넌스,저출생사업1팀,,본문 기준 수동 재검토
PROP-195147,흡연에 대한 경범죄로 추가 제안. 아이와 시민들의 건강과 올바른 흡연습관을 위해 제안합니다.,TAG_REVIEW,medium,"현재 태그=정보·상담·교육·거버넌스, 태그 핵심어 약함",정보·상담·교육·거버넌스,저출생사업1팀,,본문 기준 수동 재검토
PROP-195084,실효성없는 신혼부부 대상 정책 개선 부탁드립니다,TAG_REVIEW,medium,"현재 태그=주거·교통·도시생활환경, 태그 핵심어 약함",주거·교통·도시생활환경,저출생사업1팀,신혼부부 결혼ㆍ살림비용 지원; 신혼희망타운; 신혼부부 전용 주택 구입 자금 대출; 신혼부부 임차보증금 이자 지원,본문 기준 수동 재검토
PROP-195015,세자녀 이상 행복주택 거주기간 연장관련,TAG_REVIEW,medium,"현재 태그=다자녀·양육비·생활지원, 태그 핵심어 약함",다자녀·양육비·생활지원,저출생사업1팀,,본문 기준 수동 재검토
PROP-194958,용산가족공원 내 잔디 운동장 트랙부분 모래 깔아주세요,TAG_REVIEW,medium,"현재 태그=정보·상담·교육·거버넌스, 태그 핵심어 약함",정보·상담·교육·거버넌스,저출생사업1팀,,본문 기준 수동 재검토
PROP-194851,혼인신고서의 &#39;성·본의 협의&#39;를 출생신고에서 하도록 변경하는 것을 건의드립니다.,TAG_REVIEW,medium,"현재 태그=정보·상담·교육·거버넌스, 태그 핵심어 약함",정보·상담·교육·거버넌스,저출생사업1팀,,본문 기준 수동 재검토
PROP-194771,서울시 신혼부부 이자지원 사업 한도 증액 허용 요청,TAG_REVIEW,medium,"현재 태그=주거·교통·도시생활환경, 태그 핵심어 약함",주거·교통·도시생활환경,저출생사업1팀,신혼부부 결혼ㆍ살림비용 지원; 신혼희망타운; 신혼부부 전용 주택 구입 자금 대출; 신혼부부 임차보증금 이자 지원,본문 기준 수동 재검토
PROP-194713,다자녀가구 자동차 취득세 감면혜택 완화요청(5인승 이상으로),POLICY_REMOVED,high,공공요금 감면 요구가 아닌 제안에 공공요금 정책 후보: 다자녀 가구 하수도사용료 감면,다자녀·양육비·생활지원,저출생사업1팀,다자녀 가구 하수도사용료 감면,자동 제거 완료
PROP-194674,영유아 부모에 대한 주차비용 지원(영유아 동반시),TAG_REVIEW,medium,"현재 태그=정보·상담·교육·거버넌스, 태그 핵심어 약함",정보·상담·교육·거버넌스,저출생사업1팀,,본문 기준 수동 재검토
PROP-194620,서울시 관내의 모유수유시설의 한글 명칭과 영문 명칭 통일 해 주세요.,TAG_REVIEW,medium,"현재 태그=출산·산후 초기지원, 태그 핵심어 약함",출산·산후 초기지원,가족건강팀,,본문 기준 수동 재검토
PROP-194407,스쿨존 교통사고 발생시 피해아동에게 실질적 피해보상안,TAG_REVIEW,medium,"현재 태그=정보·상담·교육·거버넌스, 태그 핵심어 약함",정보·상담·교육·거버넌스,저출생사업1팀,,본문 기준 수동 재검토
PROP-194379,"아이들이 안전하게 걸어 다닐 수 있는 서울을 만들어주세요.(음주운전, 길거리 흡연 관련)",TAG_REVIEW,medium,"현재 태그=정보·상담·교육·거버넌스, 태그 핵심어 약함",정보·상담·교육·거버넌스,저출생사업1팀,,본문 기준 수동 재검토
PROP-194332,서울런 이용자에 다자녀 가정의 추가를 건의합니다.,POLICY_REMOVED,high,공공요금 감면 요구가 아닌 제안에 공공요금 정책 후보: 다자녀 가구 하수도사용료 감면,다자녀·양육비·생활지원,저출생사업1팀,다자녀 가구 하수도사용료 감면,자동 제거 완료
PROP-194332,서울런 이용자에 다자녀 가정의 추가를 건의합니다.,POLICY_REMOVED,high,차량 취득세 요구가 아닌 제안에 취득세 정책 후보: 다자녀 가구 자동차 취득세 감면,다자녀·양육비·생활지원,저출생사업1팀,다자녀 가구 자동차 취득세 감면,자동 제거 완료
PROP-194332,서울런 이용자에 다자녀 가정의 추가를 건의합니다.,POLICY_REMOVED,high,차량 취득세 요구가 아닌 제안에 취득세 정책 후보: 다자녀가구 자동차 취득세 취약계층 감면,다자녀·양육비·생활지원,저출생사업1팀,다자녀가구 자동차 취득세 취약계층 감면,자동 제거 완료
PROP-194248,다자녀혜택 교육도(서울런) 확대부탁드립니다,POLICY_REMOVED,high,공공요금 감면 요구가 아닌 제안에 공공요금 정책 후보: 다자녀 가구 하수도사용료 감면,다자녀·양육비·생활지원,저출생사업1팀,다자녀 가구 하수도사용료 감면,자동 제거 완료
PROP-194248,다자녀혜택 교육도(서울런) 확대부탁드립니다,POLICY_REMOVED,high,차량 취득세 요구가 아닌 제안에 취득세 정책 후보: 다자녀 가구 자동차 취득세 감면,다자녀·양육비·생활지원,저출생사업1팀,다자녀 가구 자동차 취득세 감면,자동 제거 완료
PROP-194248,다자녀혜택 교육도(서울런) 확대부탁드립니다,POLICY_REMOVED,high,차량 취득세 요구가 아닌 제안에 취득세 정책 후보: 다자녀가구 자동차 취득세 취약계층 감면,다자녀·양육비·생활지원,저출생사업1팀,다자녀가구 자동차 취득세 취약계층 감면,자동 제거 완료
PROP-194167,다자녀혜택 연령 상한 폐지 제안,POLICY_REMOVED,high,공공요금 감면 요구가 아닌 제안에 공공요금 정책 후보: 다자녀 가구 하수도사용료 감면,다자녀·양육비·생활지원,저출생사업1팀,다자녀 가구 하수도사용료 감면,자동 제거 완료
PROP-194167,다자녀혜택 연령 상한 폐지 제안,POLICY_REMOVED,high,차량 취득세 요구가 아닌 제안에 취득세 정책 후보: 다자녀 가구 자동차 취득세 감면,다자녀·양육비·생활지원,저출생사업1팀,다자녀 가구 자동차 취득세 감면,자동 제거 완료
PROP-194167,다자녀혜택 연령 상한 폐지 제안,POLICY_REMOVED,high,차량 취득세 요구가 아닌 제안에 취득세 정책 후보: 다자녀가구 자동차 취득세 취약계층 감면,다자녀·양육비·생활지원,저출생사업1팀,다자녀가구 자동차 취득세 취약계층 감면,자동 제거 완료
PROP-194156,교재비 지원,TAG_REVIEW,medium,"현재 태그=정보·상담·교육·거버넌스, 태그 핵심어 약함",정보·상담·교육·거버넌스,저출생사업1팀,,본문 기준 수동 재검토
PROP-193970,도시가스 다자녀 관련,POLICY_REMOVED,high,차량 취득세 요구가 아닌 제안에 취득세 정책 후보: 다자녀 가구 자동차 취득세 감면,다자녀·양육비·생활지원,저출생사업1팀,다자녀 가구 자동차 취득세 감면,자동 제거 완료
PROP-193726,야간 소아응급 의료진 확충 방안 건의,TAG_REVIEW,medium,"현재 태그=보육·돌봄 인프라, 태그 핵심어 약함",보육·돌봄 인프라,돌봄사업팀,,본문 기준 수동 재검토
PROP-193638,어린이 보호구역 알림 전광판,TAG_REVIEW,medium,"현재 태그=정보·상담·교육·거버넌스, 태그 핵심어 약함",정보·상담·교육·거버넌스,저출생사업1팀,,본문 기준 수동 재검토
PROP-192909,"다자녀 할인 서울시 전역(강서구, 양천구....)",POLICY_REMOVED,high,공공요금 감면 요구가 아닌 제안에 공공요금 정책 후보: 다자녀 가구 하수도사용료 감면,다자녀·양육비·생활지원,저출생사업1팀,다자녀 가구 하수도사용료 감면,자동 제거 완료
PROP-192909,"다자녀 할인 서울시 전역(강서구, 양천구....)",POLICY_REMOVED,high,차량 취득세 요구가 아닌 제안에 취득세 정책 후보: 다자녀 가구 자동차 취득세 감면,다자녀·양육비·생활지원,저출생사업1팀,다자녀 가구 자동차 취득세 감면,자동 제거 완료
PROP-192909,"다자녀 할인 서울시 전역(강서구, 양천구....)",POLICY_REMOVED,high,차량 취득세 요구가 아닌 제안에 취득세 정책 후보: 다자녀가구 자동차 취득세 취약계층 감면,다자녀·양육비·생활지원,저출생사업1팀,다자녀가구 자동차 취득세 취약계층 감면,자동 제거 완료
PROP-192382,아이들이 노는곳에 안전시설이 부족하다.,TAG_REVIEW,medium,"현재 태그=정보·상담·교육·거버넌스, 태그 핵심어 약함",정보·상담·교육·거버넌스,저출생사업1팀,,본문 기준 수동 재검토
PROP-192172,장애아동을 위한 전용 미용(헤어컷)시설 설치를 제안합니다.,TAG_REVIEW,medium,"현재 태그=정보·상담·교육·거버넌스, 태그 핵심어 약함",정보·상담·교육·거버넌스,저출생사업1팀,,본문 기준 수동 재검토
PROP-192150,신혼부부 특별공급 자격요건 수정요청드립니다,TAG_REVIEW,medium,"현재 태그=주거·교통·도시생활환경, 태그 핵심어 약함",주거·교통·도시생활환경,저출생사업1팀,신혼부부 결혼ㆍ살림비용 지원; 신혼희망타운; 신혼부부 전용 주택 구입 자금 대출; 신혼부부 임차보증금 이자 지원,본문 기준 수동 재검토
PROP-191846,육아 예술가들의 고독감을 해결하기 위한 육아하는 예술가들의 수다방 ( 手茶房: 창작하고 이야기하고 고민을 나누는 육아 예술가들의 쉼터),TAG_REVIEW,medium,"현재 태그=정보·상담·교육·거버넌스, 태그 핵심어 약함",정보·상담·교육·거버넌스,저출생사업1팀,,본문 기준 수동 재검토
PROP-191811,아동을 위한 녹지 및 놀이시설 부족 문제와 해결방안,TAG_REVIEW,medium,"현재 태그=정보·상담·교육·거버넌스, 태그 핵심어 약함",정보·상담·교육·거버넌스,저출생사업1팀,,본문 기준 수동 재검토
PROP-191792,공공시설 형태의 유아 대상 놀이공간 확대를 건의합니다.,TAG_REVIEW,medium,"현재 태그=정보·상담·교육·거버넌스, 태그 핵심어 약함",정보·상담·교육·거버넌스,저출생사업1팀,,본문 기준 수동 재검토
PROP-191711,서울시시립 어린이병원 주차장(내곡동),TAG_REVIEW,medium,"현재 태그=보육·돌봄 인프라, 태그 핵심어 약함",보육·돌봄 인프라,돌봄사업팀,,본문 기준 수동 재검토
PROP-191498,어린이 보호구역 주정차 금지,TAG_REVIEW,medium,"현재 태그=정보·상담·교육·거버넌스, 태그 핵심어 약함",정보·상담·교육·거버넌스,저출생사업1팀,,본문 기준 수동 재검토
PROP-191449,서울시장부터 영유아까지 물 사용량 약속하고 절약하기,TAG_REVIEW,medium,"현재 태그=정보·상담·교육·거버넌스, 태그 핵심어 약함",정보·상담·교육·거버넌스,저출생사업1팀,,본문 기준 수동 재검토
PROP-191088,독립문 공원 건너편 &#34;독립운동가 가족을 생각하는 작은집&#34;  조적벽돌 교체해야 합니다.,TAG_REVIEW,medium,"현재 태그=정보·상담·교육·거버넌스, 태그 핵심어 약함",정보·상담·교육·거버넌스,저출생사업1팀,,본문 기준 수동 재검토
PROP-190761,아이들 안전한 등하교길을 만들어주세요,TAG_REVIEW,medium,"현재 태그=정보·상담·교육·거버넌스, 태그 핵심어 약함",정보·상담·교육·거버넌스,저출생사업1팀,,본문 기준 수동 재검토
PROP-190756,"필수목적, 예방접종 신청의 건",TAG_REVIEW,medium,"현재 태그=보육·돌봄 인프라, 태그 핵심어 약함",보육·돌봄 인프라,돌봄사업팀,,본문 기준 수동 재검토
PROP-190708,코로나 예방접종 문의 연락절대불가,TAG_REVIEW,medium,"현재 태그=보육·돌봄 인프라, 태그 핵심어 약함",보육·돌봄 인프라,돌봄사업팀,,본문 기준 수동 재검토
PROP-190647,어린이 보호구역 교차로 방지턱,TAG_REVIEW,medium,"현재 태그=정보·상담·교육·거버넌스, 태그 핵심어 약함",정보·상담·교육·거버넌스,저출생사업1팀,,본문 기준 수동 재검토
PROP-190338,사무실 밀집 지역에 아이들을 위한 공간을 마련하면 좋을 것 같습니다.,TAG_REVIEW,medium,"현재 태그=정보·상담·교육·거버넌스, 태그 핵심어 약함",정보·상담·교육·거버넌스,저출생사업1팀,서울시 중소기업 워라밸 포인트제; 서울형 강소기업 지원; 서울형 강소기업 지원(사업종료); 서울형 육아휴직장려금; 서울형 육아휴직장려금(사업종료),본문 기준 수동 재검토
PROP-190300,신혼부부 코로나 예방접종도 빠른일정에 넣어주세요,TAG_REVIEW,medium,"현재 태그=보육·돌봄 인프라, 태그 핵심어 약함",보육·돌봄 인프라,돌봄사업팀,신혼부부 결혼ㆍ살림비용 지원; 신혼희망타운; 신혼부부 전용 주택 구입 자금 대출; 신혼부부 임차보증금 이자 지원,본문 기준 수동 재검토
PROP-190293,코로나19 예방접종증명서,TAG_REVIEW,medium,"현재 태그=보육·돌봄 인프라, 태그 핵심어 약함",보육·돌봄 인프라,돌봄사업팀,,본문 기준 수동 재검토
PROP-190204,유기견들에게 예방접종을 해주세요,TAG_REVIEW,medium,"현재 태그=보육·돌봄 인프라, 태그 핵심어 약함",보육·돌봄 인프라,돌봄사업팀,,본문 기준 수동 재검토
PROP-190111,코로나 예방접종 예진에 대한 제안,TAG_REVIEW,medium,"현재 태그=보육·돌봄 인프라, 태그 핵심어 약함",보육·돌봄 인프라,돌봄사업팀,,본문 기준 수동 재검토
PROP-189861,다자녀혜택에 대해 서울시와 경기도를 구분하지 맙시다,POLICY_REMOVED,high,공공요금 감면 요구가 아닌 제안에 공공요금 정책 후보: 다자녀 가구 하수도사용료 감면,다자녀·양육비·생활지원,저출생사업1팀,다자녀 가구 하수도사용료 감면,자동 제거 완료
PROP-189861,다자녀혜택에 대해 서울시와 경기도를 구분하지 맙시다,POLICY_REMOVED,high,차량 취득세 요구가 아닌 제안에 취득세 정책 후보: 다자녀 가구 자동차 취득세 감면,다자녀·양육비·생활지원,저출생사업1팀,다자녀 가구 자동차 취득세 감면,자동 제거 완료
PROP-189861,다자녀혜택에 대해 서울시와 경기도를 구분하지 맙시다,POLICY_REMOVED,high,차량 취득세 요구가 아닌 제안에 취득세 정책 후보: 다자녀가구 자동차 취득세 취약계층 감면,다자녀·양육비·생활지원,저출생사업1팀,다자녀가구 자동차 취득세 취약계층 감면,자동 제거 완료
PROP-189144,육아수당이나 출생지원금이나 좀 제발 국민좀 챙겨요,TAG_REVIEW,medium,"현재 태그=정보·상담·교육·거버넌스, 태그 핵심어 약함",정보·상담·교육·거버넌스,저출생사업1팀,,본문 기준 수동 재검토
PROP-188850,어린이보호구역에 깃발을 설치해주세요,TAG_REVIEW,medium,"현재 태그=정보·상담·교육·거버넌스, 태그 핵심어 약함",정보·상담·교육·거버넌스,저출생사업1팀,,본문 기준 수동 재검토
PROP-188658,북서울 꿈의숲 유아숲체험장,TAG_REVIEW,medium,"현재 태그=정보·상담·교육·거버넌스, 태그 핵심어 약함",정보·상담·교육·거버넌스,저출생사업1팀,,본문 기준 수동 재검토
PROP-188612,예식을 앞둔 신혼부부입니다,TAG_REVIEW,medium,"현재 태그=주거·교통·도시생활환경, 태그 핵심어 약함",주거·교통·도시생활환경,저출생사업1팀,신혼부부 결혼ㆍ살림비용 지원; 자녀출산 무주택가구 주거비 지원; 신혼희망타운; 신혼부부 전용 주택 구입 자금 대출; 신혼부부 임차보증금 이자 지원,본문 기준 수동 재검토
PROP-188280,기업들의 직원식당을 이용하여 현재의 엄마아빠 미래의 엄마아빠가 아이들에게 따뜻한 밥을 제공해줍시다.,TAG_REVIEW,medium,"현재 태그=정보·상담·교육·거버넌스, 태그 핵심어 약함",정보·상담·교육·거버넌스,저출생사업1팀,서울형 육아휴직장려금; 서울형 육아휴직장려금(사업종료); 1인 자영업자 등 배우자 출산휴가급여 지원; 배우자 출산휴가 지원금; 육아휴직장려금,본문 기준 수동 재검토
PROP-188272,각 주민센터마다 아이스팩을 재활용할 수 있는 시스템을 만들어주세요,TAG_REVIEW,medium,"현재 태그=정보·상담·교육·거버넌스, 태그 핵심어 약함",정보·상담·교육·거버넌스,저출생사업1팀,,본문 기준 수동 재검토
PROP-187657,어린이보호구역,TAG_REVIEW,medium,"현재 태그=정보·상담·교육·거버넌스, 태그 핵심어 약함",정보·상담·교육·거버넌스,저출생사업1팀,,본문 기준 수동 재검토
PROP-187097,어린이보호구역 간판 설치,TAG_REVIEW,medium,"현재 태그=정보·상담·교육·거버넌스, 태그 핵심어 약함",정보·상담·교육·거버넌스,저출생사업1팀,,본문 기준 수동 재검토
PROP-186804,민식법 실효성 높이려면 어린이 보호구역  과속 방지턱 두개 이상 연속 설치 전국적으로 시행 제안,TAG_REVIEW,medium,"현재 태그=정보·상담·교육·거버넌스, 태그 핵심어 약함",정보·상담·교육·거버넌스,저출생사업1팀,,본문 기준 수동 재검토
PROP-186685,"기저귀 전용 배출봉투 제작, 배포",TAG_REVIEW,medium,"현재 태그=다자녀·양육비·생활지원, 태그 핵심어 약함",다자녀·양육비·생활지원,저출생사업1팀,,본문 기준 수동 재검토
PROP-186632,구별로 영유아 마스크 공급 동일하게해주세요,TAG_REVIEW,medium,"현재 태그=정보·상담·교육·거버넌스, 태그 핵심어 약함",정보·상담·교육·거버넌스,저출생사업1팀,,본문 기준 수동 재검토
PROP-186295,"박물관, 미술관, 도서관등 아이들이 이용하는 공공시설에 공기청정기 설치",TAG_REVIEW,medium,"현재 태그=정보·상담·교육·거버넌스, 태그 핵심어 약함",정보·상담·교육·거버넌스,저출생사업1팀,,본문 기준 수동 재검토
PROP-185872,어린이보호구역 스쿨존 도로 형태 변경을 제안합니다.,TAG_REVIEW,medium,"현재 태그=정보·상담·교육·거버넌스, 태그 핵심어 약함",정보·상담·교육·거버넌스,저출생사업1팀,,본문 기준 수동 재검토
PROP-185511,어린이대공원을 아이들과 미래세대를 위한 &#39;지혜의 바다&#39;로 만들어주세요!!!,TAG_REVIEW,medium,"현재 태그=정보·상담·교육·거버넌스, 태그 핵심어 약함",정보·상담·교육·거버넌스,저출생사업1팀,,본문 기준 수동 재검토
PROP-185480,"아동 양육 수당을 현금 지급이 아닌 바우처나 쿠폰, 공공시설 이용 포인트로 전환해주세요",TAG_REVIEW,medium,"현재 태그=정보·상담·교육·거버넌스, 태그 핵심어 약함",정보·상담·교육·거버넌스,저출생사업1팀,저소득층 기저귀조제분유 취약계층 지원 (사회서비스전자바우처); 농식품바우처 취약계층 지원; 과학문화 바우처 취약계층 지원,본문 기준 수동 재검토
PROP-185383,어린이공원 내에 젊은 부모들의 감성을 자극하는 테마공원을 조성해주세요.,TAG_REVIEW,medium,"현재 태그=정보·상담·교육·거버넌스, 태그 핵심어 약함",정보·상담·교육·거버넌스,저출생사업1팀,,본문 기준 수동 재검토
PROP-185302,아이와 조부모가 함께 할 수 있는 공간을 만들어주세요,TAG_REVIEW,medium,"현재 태그=보육·돌봄 인프라, 태그 핵심어 약함",보육·돌봄 인프라,돌봄사업팀,,본문 기준 수동 재검토
PROP-185286,조부모 공동육아 및 조부모 육아교실,TAG_REVIEW,medium,"현재 태그=보육·돌봄 인프라, 태그 핵심어 약함",보육·돌봄 인프라,돌봄사업팀,,본문 기준 수동 재검토
PROP-185280,조부모육아경제지원,TAG_REVIEW,medium,"현재 태그=보육·돌봄 인프라, 태그 핵심어 약함",보육·돌봄 인프라,돌봄사업팀,,본문 기준 수동 재검토
PROP-185277,조부모육아경제적지원해주세요,TAG_REVIEW,medium,"현재 태그=보육·돌봄 인프라, 태그 핵심어 약함",보육·돌봄 인프라,돌봄사업팀,,본문 기준 수동 재검토
PROP-185272,조부모 육아,TAG_REVIEW,medium,"현재 태그=보육·돌봄 인프라, 태그 핵심어 약함",보육·돌봄 인프라,돌봄사업팀,,본문 기준 수동 재검토
PROP-184945,어린이 노인장애인보호구역 도로표시  지그자그로,TAG_REVIEW,medium,"현재 태그=정보·상담·교육·거버넌스, 태그 핵심어 약함",정보·상담·교육·거버넌스,저출생사업1팀,,본문 기준 수동 재검토
PROP-184905,아동들의 놀 공간을 찾아주세요!,TAG_REVIEW,medium,"현재 태그=정보·상담·교육·거버넌스, 태그 핵심어 약함",정보·상담·교육·거버넌스,저출생사업1팀,,본문 기준 수동 재검토
PROP-184904,아이들만의 쉬는 공간이 필요해요!!,TAG_REVIEW,medium,"현재 태그=정보·상담·교육·거버넌스, 태그 핵심어 약함",정보·상담·교육·거버넌스,저출생사업1팀,,본문 기준 수동 재검토
PROP-184899,무료로 아이들이 놀수 있는 시설을 마련해주세요.,TAG_REVIEW,medium,"현재 태그=정보·상담·교육·거버넌스, 태그 핵심어 약함",정보·상담·교육·거버넌스,저출생사업1팀,,본문 기준 수동 재검토
PROP-184898,아이들을 위한 놀이공간이 필요합니다,TAG_REVIEW,medium,"현재 태그=정보·상담·교육·거버넌스, 태그 핵심어 약함",정보·상담·교육·거버넌스,저출생사업1팀,,본문 기준 수동 재검토
PROP-184889,아이들을 위한 실내 놀이공간에 대한  의견,TAG_REVIEW,medium,"현재 태그=정보·상담·교육·거버넌스, 태그 핵심어 약함",정보·상담·교육·거버넌스,저출생사업1팀,,본문 기준 수동 재검토
PROP-184886,아이들을 위한 실내 공간에 대한 나의 의견,TAG_REVIEW,medium,"현재 태그=정보·상담·교육·거버넌스, 태그 핵심어 약함",정보·상담·교육·거버넌스,저출생사업1팀,,본문 기준 수동 재검토
PROP-184649,공영주차장에 아파트를  건축하여 저소득층이나 신혼부부에게 저렴하게 분양하자,TAG_REVIEW,medium,"현재 태그=주거·교통·도시생활환경, 태그 핵심어 약함",주거·교통·도시생활환경,저출생사업1팀,신혼부부 결혼ㆍ살림비용 지원; 신혼희망타운; 신혼부부 전용 주택 구입 자금 대출; 신혼부부 임차보증금 이자 지원,본문 기준 수동 재검토
PROP-184568,공동육아  참여하는 부모님들 위한 심리 프로그램 마련해주세요!,TAG_REVIEW,medium,"현재 태그=정보·상담·교육·거버넌스, 태그 핵심어 약함",정보·상담·교육·거버넌스,저출생사업1팀,,본문 기준 수동 재검토
PROP-184566,각 지역 공동육아 단체들과 교류할수 있게 해주세요,TAG_REVIEW,medium,"현재 태그=정보·상담·교육·거버넌스, 태그 핵심어 약함",정보·상담·교육·거버넌스,저출생사업1팀,,본문 기준 수동 재검토
PROP-184404,다자녀혜택 경기도와 교류~,POLICY_REMOVED,high,공공요금 감면 요구가 아닌 제안에 공공요금 정책 후보: 다자녀 가구 하수도사용료 감면,다자녀·양육비·생활지원,저출생사업1팀,다자녀 가구 하수도사용료 감면,자동 제거 완료
PROP-184404,다자녀혜택 경기도와 교류~,POLICY_REMOVED,high,차량 취득세 요구가 아닌 제안에 취득세 정책 후보: 다자녀 가구 자동차 취득세 감면,다자녀·양육비·생활지원,저출생사업1팀,다자녀 가구 자동차 취득세 감면,자동 제거 완료
PROP-184264,아이들의 놀이공간,TAG_REVIEW,medium,"현재 태그=정보·상담·교육·거버넌스, 태그 핵심어 약함",정보·상담·교육·거버넌스,저출생사업1팀,,본문 기준 수동 재검토
PROP-184161,다자녀공영주차장할인제도개선사항,POLICY_REMOVED,high,공공요금 감면 요구가 아닌 제안에 공공요금 정책 후보: 다자녀 가구 하수도사용료 감면,다자녀·양육비·생활지원,저출생사업1팀,다자녀 가구 하수도사용료 감면,자동 제거 완료
PROP-184161,다자녀공영주차장할인제도개선사항,POLICY_REMOVED,high,차량 취득세 요구가 아닌 제안에 취득세 정책 후보: 다자녀 가구 자동차 취득세 감면,다자녀·양육비·생활지원,저출생사업1팀,다자녀 가구 자동차 취득세 감면,자동 제거 완료
PROP-184161,다자녀공영주차장할인제도개선사항,POLICY_REMOVED,high,차량 취득세 요구가 아닌 제안에 취득세 정책 후보: 다자녀가구 자동차 취득세 취약계층 감면,다자녀·양육비·생활지원,저출생사업1팀,다자녀가구 자동차 취득세 취약계층 감면,자동 제거 완료
PROP-184041,"길고양이 입양시 중성화 수술, 예방접종 비용 지원 및 쉼터조성을 통한 길고양이 관련 민원 해소 대책 마련",TAG_REVIEW,medium,"현재 태그=보육·돌봄 인프라, 태그 핵심어 약함",보육·돌봄 인프라,돌봄사업팀,,본문 기준 수동 재검토
PROP-183924,안전지킴이(아이들에게 기쁨을!),TAG_REVIEW,medium,"현재 태그=정보·상담·교육·거버넌스, 태그 핵심어 약함",정보·상담·교육·거버넌스,저출생사업1팀,,본문 기준 수동 재검토
PROP-183684,어르신들의 산책로와  아이들의 안전한 숲을 지켜주세요,TAG_REVIEW,medium,"현재 태그=정보·상담·교육·거버넌스, 태그 핵심어 약함",정보·상담·교육·거버넌스,저출생사업1팀,,본문 기준 수동 재검토
PROP-183353,다자녀 전용주차장 설치,POLICY_REMOVED,high,공공요금 감면 요구가 아닌 제안에 공공요금 정책 후보: 다자녀 가구 하수도사용료 감면,다자녀·양육비·생활지원,저출생사업1팀,다자녀 가구 하수도사용료 감면,자동 제거 완료
PROP-183353,다자녀 전용주차장 설치,POLICY_REMOVED,high,차량 취득세 요구가 아닌 제안에 취득세 정책 후보: 다자녀 가구 자동차 취득세 감면,다자녀·양육비·생활지원,저출생사업1팀,다자녀 가구 자동차 취득세 감면,자동 제거 완료
PROP-183129,보건소에서 예비맘을 위한 예비맘 키트를 제공해주셨으면 좋겠어요,TAG_REVIEW,medium,"현재 태그=정보·상담·교육·거버넌스, 태그 핵심어 약함",정보·상담·교육·거버넌스,저출생사업1팀,,본문 기준 수동 재검토
PROP-182392,서울시립대학 을 폐교하고 신혼부부용 아파트를 건설합시다,TAG_REVIEW,medium,"현재 태그=주거·교통·도시생활환경, 태그 핵심어 약함",주거·교통·도시생활환경,저출생사업1팀,신혼부부 결혼ㆍ살림비용 지원; 신혼희망타운; 신혼부부 전용 주택 구입 자금 대출; 신혼부부 임차보증금 이자 지원,본문 기준 수동 재검토
PROP-182161,어린이 노인보호구역 신호등커버나 기둥에 노란색 칠하기,TAG_REVIEW,medium,"현재 태그=정보·상담·교육·거버넌스, 태그 핵심어 약함",정보·상담·교육·거버넌스,저출생사업1팀,,본문 기준 수동 재검토
PROP-182108,어린이 보호구역 신호등 노란색 칠하기,TAG_REVIEW,medium,"현재 태그=정보·상담·교육·거버넌스, 태그 핵심어 약함",정보·상담·교육·거버넌스,저출생사업1팀,,본문 기준 수동 재검토
PROP-181921,큰 건물의 하수처리 시설 설치를 지원해 주세요. (열섬 현상 개선 아이디어),TAG_REVIEW,medium,"현재 태그=정보·상담·교육·거버넌스, 태그 핵심어 약함",정보·상담·교육·거버넌스,저출생사업1팀,,본문 기준 수동 재검토
PROP-181473,다자녀가정 할인 정책,POLICY_REMOVED,high,공공요금 감면 요구가 아닌 제안에 공공요금 정책 후보: 다자녀 가구 하수도사용료 감면,다자녀·양육비·생활지원,저출생사업1팀,다자녀 가구 하수도사용료 감면,자동 제거 완료
PROP-181473,다자녀가정 할인 정책,POLICY_REMOVED,high,차량 취득세 요구가 아닌 제안에 취득세 정책 후보: 다자녀 가구 자동차 취득세 감면,다자녀·양육비·생활지원,저출생사업1팀,다자녀 가구 자동차 취득세 감면,자동 제거 완료
PROP-181300,유아용 체험학습장소 실내식사장소 확대해주세요,TAG_REVIEW,medium,"현재 태그=정보·상담·교육·거버넌스, 태그 핵심어 약함",정보·상담·교육·거버넌스,저출생사업1팀,,본문 기준 수동 재검토
PROP-181229,월컴 키즈존 - 아이들과 함께하는 행복한 식사,TAG_REVIEW,medium,"현재 태그=보육·돌봄 인프라, 태그 핵심어 약함",보육·돌봄 인프라,돌봄사업팀,,본문 기준 수동 재검토
PROP-181015,서울시 어린이 보호구역 안전휀스 개선,TAG_REVIEW,medium,"현재 태그=정보·상담·교육·거버넌스, 태그 핵심어 약함",정보·상담·교육·거버넌스,저출생사업1팀,,본문 기준 수동 재검토
PROP-180989,서울시내 도로교통법 바껴야한다고 봅니다. (시내한복판/스쿨존/어린이보호구역/노인보호구역),TAG_REVIEW,medium,"현재 태그=정보·상담·교육·거버넌스, 태그 핵심어 약함",정보·상담·교육·거버넌스,저출생사업1팀,,본문 기준 수동 재검토
PROP-180667,다자녀 혜택논의,POLICY_REMOVED,high,공공요금 감면 요구가 아닌 제안에 공공요금 정책 후보: 다자녀 가구 하수도사용료 감면,다자녀·양육비·생활지원,저출생사업1팀,다자녀 가구 하수도사용료 감면,자동 제거 완료
PROP-180667,다자녀 혜택논의,POLICY_REMOVED,high,차량 취득세 요구가 아닌 제안에 취득세 정책 후보: 다자녀 가구 자동차 취득세 감면,다자녀·양육비·생활지원,저출생사업1팀,다자녀 가구 자동차 취득세 감면,자동 제거 완료
PROP-180655,저출산 대책) 다자녀 가정 차량 운영 지원건,POLICY_REMOVED,high,공공요금 감면 요구가 아닌 제안에 공공요금 정책 후보: 다자녀 가구 하수도사용료 감면,출산·산후 초기지원,가족건강팀,다자녀 가구 하수도사용료 감면,자동 제거 완료
PROP-180628,다자녀 장학생 역차별 제도개선,POLICY_REMOVED,high,공공요금 감면 요구가 아닌 제안에 공공요금 정책 후보: 다자녀 가구 하수도사용료 감면,다자녀·양육비·생활지원,저출생사업1팀,다자녀 가구 하수도사용료 감면,자동 제거 완료
PROP-180628,다자녀 장학생 역차별 제도개선,POLICY_REMOVED,high,차량 취득세 요구가 아닌 제안에 취득세 정책 후보: 다자녀 가구 자동차 취득세 감면,다자녀·양육비·생활지원,저출생사업1팀,다자녀 가구 자동차 취득세 감면,자동 제거 완료
PROP-180628,다자녀 장학생 역차별 제도개선,POLICY_REMOVED,high,차량 취득세 요구가 아닌 제안에 취득세 정책 후보: 다자녀가구 자동차 취득세 취약계층 감면,다자녀·양육비·생활지원,저출생사업1팀,다자녀가구 자동차 취득세 취약계층 감면,자동 제거 완료
PROP-180585,서울시 어린이 보호구역 안전휀스 개선,TAG_REVIEW,medium,"현재 태그=정보·상담·교육·거버넌스, 태그 핵심어 약함",정보·상담·교육·거버넌스,저출생사업1팀,,본문 기준 수동 재검토
PROP-180422,서울시 25개 자치구청 보건소 예방접종 의료진료기록 평생관리 개선토록 개선,TAG_REVIEW,medium,"현재 태그=보육·돌봄 인프라, 태그 핵심어 약함",보육·돌봄 인프라,돌봄사업팀,,본문 기준 수동 재검토
PROP-180406,육아열차운행,TAG_REVIEW,medium,"현재 태그=정보·상담·교육·거버넌스, 태그 핵심어 약함",정보·상담·교육·거버넌스,가족지원팀,외국인 가사(육아)인력 시범사업; 영아 전담 아이돌봄서비스; 1인 자영업자 등 배우자 출산휴가급여 지원; 1인 자영업자?프리랜서 배우자 출산휴가 지원금; 배우자 출산휴가 지원금,본문 기준 수동 재검토
PROP-180253,미세먼지 대피소로 아이들을 위한 대형실내놀이터를 제안합니다!!,TAG_REVIEW,medium,"현재 태그=정보·상담·교육·거버넌스, 태그 핵심어 약함",정보·상담·교육·거버넌스,저출생사업1팀,,본문 기준 수동 재검토
PROP-180104,서울시 다자녀 가정에 층간소음 방지 용품 무상 지원 대책,POLICY_REMOVED,high,공공요금 감면 요구가 아닌 제안에 공공요금 정책 후보: 다자녀 가구 하수도사용료 감면,다자녀·양육비·생활지원,저출생사업1팀,다자녀 가구 하수도사용료 감면,자동 제거 완료
PROP-180104,서울시 다자녀 가정에 층간소음 방지 용품 무상 지원 대책,POLICY_REMOVED,high,차량 취득세 요구가 아닌 제안에 취득세 정책 후보: 다자녀 가구 자동차 취득세 감면,다자녀·양육비·생활지원,저출생사업1팀,다자녀 가구 자동차 취득세 감면,자동 제거 완료
PROP-180104,서울시 다자녀 가정에 층간소음 방지 용품 무상 지원 대책,POLICY_REMOVED,high,차량 취득세 요구가 아닌 제안에 취득세 정책 후보: 다자녀가구 자동차 취득세 취약계층 감면,다자녀·양육비·생활지원,저출생사업1팀,다자녀가구 자동차 취득세 취약계층 감면,자동 제거 완료
PROP-202432,서울시 양육지원 서비스 이용대상 확대 및 종로구 백일·돌상 촬영공간 조성 건의,TAG_REVIEW,medium,"현재 태그=정보·상담·교육·거버넌스, 태그 핵심어 약함",정보·상담·교육·거버넌스,저출생사업1팀,,본문 기준 수동 재검토
PROP-202389,친환경 수열 에너지 및 빗물 순환 기술을 적용한 '[자양한강도서관] 유수지 복합 스포츠센터(아이스링크)' 건립 제안,TAG_REVIEW,medium,"현재 태그=정보·상담·교육·거버넌스, 태그 핵심어 약함",정보·상담·교육·거버넌스,저출생사업1팀,,본문 기준 수동 재검토
PROP-202344,유아숲체험원 운영 용역사업 평가 개선 건의문,TAG_REVIEW,medium,"현재 태그=정보·상담·교육·거버넌스, 태그 핵심어 약함",정보·상담·교육·거버넌스,저출생사업1팀,,본문 기준 수동 재검토
PROP-202264,[BTF푸른나무재단] 아이들이 안전한 학교를 위한 학교폭력 예방 및 대응 정책 제안서 전달,TAG_REVIEW,medium,"현재 태그=정보·상담·교육·거버넌스, 태그 핵심어 약함",정보·상담·교육·거버넌스,저출생사업1팀,,본문 기준 수동 재검토
PROP-202191,지역아동센터앞 교통안전을 위해서 붉은색으로 도로 안전구역 표시 부탁드립니다.,TAG_REVIEW,medium,"현재 태그=정보·상담·교육·거버넌스, 태그 핵심어 약함",정보·상담·교육·거버넌스,저출생사업1팀,,본문 기준 수동 재검토
PROP-201995,어린이 보호구역내 인도의 표지판 기둥 하단 밝은 스티커 부착 제안,TAG_REVIEW,medium,"현재 태그=정보·상담·교육·거버넌스, 태그 핵심어 약함",정보·상담·교육·거버넌스,저출생사업1팀,,본문 기준 수동 재검토
PROP-201853,강남구보건소 예방접종 프로그램을  다른구 보건소에서 진행하게 해주세요,TAG_REVIEW,medium,"현재 태그=보육·돌봄 인프라, 태그 핵심어 약함",보육·돌봄 인프라,돌봄사업팀,,본문 기준 수동 재검토
PROP-201849,"아이들이 넘어지고 차가 부서지는 ""턱"" 대신, 기술이 있는 ""안전한 평면도로""를 제안합니다.",TAG_REVIEW,medium,"현재 태그=정보·상담·교육·거버넌스, 태그 핵심어 약함",정보·상담·교육·거버넌스,저출생사업1팀,,본문 기준 수동 재검토
PROP-201635,차상위계층 신청 시 가구원 수 및 다자녀 여부를 고려한 차량 가액 기준 완화 제안,POLICY_REMOVED,high,공공요금 감면 요구가 아닌 제안에 공공요금 정책 후보: 다자녀 가구 하수도사용료 감면,다자녀·양육비·생활지원,저출생사업1팀,다자녀 가구 하수도사용료 감면,자동 제거 완료
PROP-201635,차상위계층 신청 시 가구원 수 및 다자녀 여부를 고려한 차량 가액 기준 완화 제안,POLICY_REMOVED,high,차량 취득세 요구가 아닌 제안에 취득세 정책 후보: 다자녀 가구 자동차 취득세 감면,다자녀·양육비·생활지원,저출생사업1팀,다자녀 가구 자동차 취득세 감면,자동 제거 완료
PROP-201635,차상위계층 신청 시 가구원 수 및 다자녀 여부를 고려한 차량 가액 기준 완화 제안,POLICY_REMOVED,high,차량 취득세 요구가 아닌 제안에 취득세 정책 후보: 다자녀가구 자동차 취득세 취약계층 감면,다자녀·양육비·생활지원,저출생사업1팀,다자녀가구 자동차 취득세 취약계층 감면,자동 제거 완료
PROP-201626,어린이 보호구역 차량단속,TAG_REVIEW,medium,"현재 태그=정보·상담·교육·거버넌스, 태그 핵심어 약함",정보·상담·교육·거버넌스,저출생사업1팀,,본문 기준 수동 재검토
PROP-201278,서울시 공공자전거 따릉이 다자녀가구 할인 도입 제안,POLICY_REMOVED,high,공공요금 감면 요구가 아닌 제안에 공공요금 정책 후보: 다자녀 가구 하수도사용료 감면,다자녀·양육비·생활지원,저출생사업1팀,다자녀 가구 하수도사용료 감면,자동 제거 완료
PROP-201278,서울시 공공자전거 따릉이 다자녀가구 할인 도입 제안,POLICY_REMOVED,high,차량 취득세 요구가 아닌 제안에 취득세 정책 후보: 다자녀 가구 자동차 취득세 감면,다자녀·양육비·생활지원,저출생사업1팀,다자녀 가구 자동차 취득세 감면,자동 제거 완료
PROP-201278,서울시 공공자전거 따릉이 다자녀가구 할인 도입 제안,POLICY_REMOVED,high,차량 취득세 요구가 아닌 제안에 취득세 정책 후보: 다자녀가구 자동차 취득세 취약계층 감면,다자녀·양육비·생활지원,저출생사업1팀,다자녀가구 자동차 취득세 취약계층 감면,자동 제거 완료
PROP-201115,여의신월지하차도 다자녀(3자녀 이상) 가구 통행료 할인 적용 제안,POLICY_REMOVED,high,공공요금 감면 요구가 아닌 제안에 공공요금 정책 후보: 다자녀 가구 하수도사용료 감면,다자녀·양육비·생활지원,저출생사업1팀,다자녀 가구 하수도사용료 감면,자동 제거 완료
PROP-201115,여의신월지하차도 다자녀(3자녀 이상) 가구 통행료 할인 적용 제안,POLICY_REMOVED,high,차량 취득세 요구가 아닌 제안에 취득세 정책 후보: 다자녀 가구 자동차 취득세 감면,다자녀·양육비·생활지원,저출생사업1팀,다자녀 가구 자동차 취득세 감면,자동 제거 완료
PROP-201115,여의신월지하차도 다자녀(3자녀 이상) 가구 통행료 할인 적용 제안,POLICY_REMOVED,high,차량 취득세 요구가 아닌 제안에 취득세 정책 후보: 다자녀가구 자동차 취득세 취약계층 감면,다자녀·양육비·생활지원,저출생사업1팀,다자녀가구 자동차 취득세 취약계층 감면,자동 제거 완료
PROP-201102,서울시 자치구별 다자녀 혜택의 문제점,POLICY_REMOVED,high,공공요금 감면 요구가 아닌 제안에 공공요금 정책 후보: 다자녀 가구 하수도사용료 감면,다자녀·양육비·생활지원,저출생사업1팀,다자녀 가구 하수도사용료 감면,자동 제거 완료
PROP-201102,서울시 자치구별 다자녀 혜택의 문제점,POLICY_REMOVED,high,차량 취득세 요구가 아닌 제안에 취득세 정책 후보: 다자녀 가구 자동차 취득세 감면,다자녀·양육비·생활지원,저출생사업1팀,다자녀 가구 자동차 취득세 감면,자동 제거 완료
PROP-201102,서울시 자치구별 다자녀 혜택의 문제점,POLICY_REMOVED,high,차량 취득세 요구가 아닌 제안에 취득세 정책 후보: 다자녀가구 자동차 취득세 취약계층 감면,다자녀·양육비·생활지원,저출생사업1팀,다자녀가구 자동차 취득세 취약계층 감면,자동 제거 완료
PROP-200496,서울시 신혼부부 살림비 지원,TAG_REVIEW,medium,"현재 태그=주거·교통·도시생활환경, 태그 핵심어 약함",주거·교통·도시생활환경,저출생사업1팀,신혼부부 결혼ㆍ살림비용 지원; 신혼희망타운; 신혼부부 전용 주택 구입 자금 대출; 신혼부부 임차보증금 이자 지원,본문 기준 수동 재검토
PROP-200427,경춘선 숲길에 아이들을 위한 미니 기차 놀이 시설을 설치해주세요,TAG_REVIEW,medium,"현재 태그=정보·상담·교육·거버넌스, 태그 핵심어 약함",정보·상담·교육·거버넌스,저출생사업1팀,,본문 기준 수동 재검토
PROP-200411,서울시 신혼부부 결혼살림비 지원,TAG_REVIEW,medium,"현재 태그=주거·교통·도시생활환경, 태그 핵심어 약함",주거·교통·도시생활환경,저출생사업1팀,신혼부부 결혼ㆍ살림비용 지원; 신혼희망타운; 신혼부부 전용 주택 구입 자금 대출; 신혼부부 임차보증금 이자 지원,본문 기준 수동 재검토
PROP-200129,예비 신혼부부를 위한 ‘서울시 미리내집’ 소득기준 개선 요청,TAG_REVIEW,medium,"현재 태그=주거·교통·도시생활환경, 태그 핵심어 약함",주거·교통·도시생활환경,저출생사업1팀,신혼부부 결혼ㆍ살림비용 지원; 신혼희망타운; 신혼부부 전용 주택 구입 자금 대출; 신혼부부 임차보증금 이자 지원,본문 기준 수동 재검토
PROP-199706,불법주정차 구역중 어린이보호구역 중 초등학교정문앞도로 시간 제한 폐지,TAG_REVIEW,medium,"현재 태그=정보·상담·교육·거버넌스, 태그 핵심어 약함",정보·상담·교육·거버넌스,저출생사업1팀,,본문 기준 수동 재검토
PROP-199629,유아차런 유아 참여 연령 상향,TAG_REVIEW,medium,"현재 태그=주거·교통·도시생활환경, 태그 핵심어 약함",주거·교통·도시생활환경,저출생사업1팀,,본문 기준 수동 재검토
PROP-199348,"마루공원에 유아용 농구코트, 축구코트 설치",TAG_REVIEW,medium,"현재 태그=정보·상담·교육·거버넌스, 태그 핵심어 약함",정보·상담·교육·거버넌스,저출생사업1팀,,본문 기준 수동 재검토
PROP-199044,서울시 다자녀 할인 정책의 지역 제한 완화 요청,POLICY_REMOVED,high,공공요금 감면 요구가 아닌 제안에 공공요금 정책 후보: 다자녀 가구 하수도사용료 감면,다자녀·양육비·생활지원,저출생사업1팀,다자녀 가구 하수도사용료 감면,자동 제거 완료
PROP-199044,서울시 다자녀 할인 정책의 지역 제한 완화 요청,POLICY_REMOVED,high,차량 취득세 요구가 아닌 제안에 취득세 정책 후보: 다자녀 가구 자동차 취득세 감면,다자녀·양육비·생활지원,저출생사업1팀,다자녀 가구 자동차 취득세 감면,자동 제거 완료
PROP-199044,서울시 다자녀 할인 정책의 지역 제한 완화 요청,POLICY_REMOVED,high,차량 취득세 요구가 아닌 제안에 취득세 정책 후보: 다자녀가구 자동차 취득세 취약계층 감면,다자녀·양육비·생활지원,저출생사업1팀,다자녀가구 자동차 취득세 취약계층 감면,자동 제거 완료
PROP-198861,아이들.청소년을위한공간들,TAG_REVIEW,medium,"현재 태그=정보·상담·교육·거버넌스, 태그 핵심어 약함",정보·상담·교육·거버넌스,가족지원팀,,본문 기준 수동 재검토
PROP-198843,과속방지카메라로 아이들의 안전을,TAG_REVIEW,medium,"현재 태그=정보·상담·교육·거버넌스, 태그 핵심어 약함",정보·상담·교육·거버넌스,저출생사업1팀,,본문 기준 수동 재검토
PROP-198713,마포구 대흥로20안길 어린이 보호구역 및 일방통행  지정 제안,TAG_REVIEW,medium,"현재 태그=정보·상담·교육·거버넌스, 태그 핵심어 약함",정보·상담·교육·거버넌스,저출생사업1팀,,본문 기준 수동 재검토
PROP-198646,어린이보호구역 속도규제,TAG_REVIEW,medium,"현재 태그=정보·상담·교육·거버넌스, 태그 핵심어 약함",정보·상담·교육·거버넌스,저출생사업1팀,,본문 기준 수동 재검토
PROP-198483,어린이보호구역 야간 시간 해제,TAG_REVIEW,medium,"현재 태그=정보·상담·교육·거버넌스, 태그 핵심어 약함",정보·상담·교육·거버넌스,저출생사업1팀,,본문 기준 수동 재검토
PROP-198406,다자녀감면 시 공영주차장은 되고 자치구 내 공영주차장은 안되는 규제 해제,POLICY_REMOVED,high,공공요금 감면 요구가 아닌 제안에 공공요금 정책 후보: 다자녀 가구 하수도사용료 감면,다자녀·양육비·생활지원,저출생사업1팀,다자녀 가구 하수도사용료 감면,자동 제거 완료
PROP-198406,다자녀감면 시 공영주차장은 되고 자치구 내 공영주차장은 안되는 규제 해제,POLICY_REMOVED,high,차량 취득세 요구가 아닌 제안에 취득세 정책 후보: 다자녀 가구 자동차 취득세 감면,다자녀·양육비·생활지원,저출생사업1팀,다자녀 가구 자동차 취득세 감면,자동 제거 완료
PROP-198406,다자녀감면 시 공영주차장은 되고 자치구 내 공영주차장은 안되는 규제 해제,POLICY_REMOVED,high,차량 취득세 요구가 아닌 제안에 취득세 정책 후보: 다자녀가구 자동차 취득세 취약계층 감면,다자녀·양육비·생활지원,저출생사업1팀,다자녀가구 자동차 취득세 취약계층 감면,자동 제거 완료
PROP-198288,다자녀 아이들 혜택,POLICY_REMOVED,high,차량 취득세 요구가 아닌 제안에 취득세 정책 후보: 다자녀 가구 자동차 취득세 감면,다자녀·양육비·생활지원,저출생사업1팀,다자녀 가구 자동차 취득세 감면,자동 제거 완료
PROP-198265,서울시 공영주차장 다자녀 감면 혜택 확대 제안,POLICY_REMOVED,high,차량 취득세 요구가 아닌 제안에 취득세 정책 후보: 다자녀 가구 자동차 취득세 감면,다자녀·양육비·생활지원,저출생사업1팀,다자녀 가구 자동차 취득세 감면,자동 제거 완료
PROP-198265,서울시 공영주차장 다자녀 감면 혜택 확대 제안,POLICY_REMOVED,high,공공요금 감면 요구가 아닌 제안에 공공요금 정책 후보: 다자녀 가구 하수도사용료 감면,다자녀·양육비·생활지원,저출생사업1팀,다자녀 가구 하수도사용료 감면,자동 제거 완료
PROP-198243,다자녀 적용 범위 동일 적용,POLICY_REMOVED,high,차량 취득세 요구가 아닌 제안에 취득세 정책 후보: 다자녀 가구 자동차 취득세 감면,다자녀·양육비·생활지원,저출생사업1팀,다자녀 가구 자동차 취득세 감면,자동 제거 완료
PROP-198243,다자녀 적용 범위 동일 적용,POLICY_REMOVED,high,차량 취득세 요구가 아닌 제안에 취득세 정책 후보: 다자녀가구 자동차 취득세 취약계층 감면,다자녀·양육비·생활지원,저출생사업1팀,다자녀가구 자동차 취득세 취약계층 감면,자동 제거 완료
PROP-198203,야간 어린이 보호구역 30km속도제한 해제,TAG_REVIEW,medium,"현재 태그=정보·상담·교육·거버넌스, 태그 핵심어 약함",정보·상담·교육·거버넌스,저출생사업1팀,,본문 기준 수동 재검토
PROP-198192,다자녀관련 공영주차장요금 할인,POLICY_REMOVED,high,공공요금 감면 요구가 아닌 제안에 공공요금 정책 후보: 다자녀 가구 하수도사용료 감면,다자녀·양육비·생활지원,저출생사업1팀,다자녀 가구 하수도사용료 감면,자동 제거 완료
PROP-198192,다자녀관련 공영주차장요금 할인,POLICY_REMOVED,high,차량 취득세 요구가 아닌 제안에 취득세 정책 후보: 다자녀 가구 자동차 취득세 감면,다자녀·양육비·생활지원,저출생사업1팀,다자녀 가구 자동차 취득세 감면,자동 제거 완료
PROP-198192,다자녀관련 공영주차장요금 할인,POLICY_REMOVED,high,차량 취득세 요구가 아닌 제안에 취득세 정책 후보: 다자녀가구 자동차 취득세 취약계층 감면,다자녀·양육비·생활지원,저출생사업1팀,다자녀가구 자동차 취득세 취약계층 감면,자동 제거 완료
PROP-198063,자녀수와 연계한 보증금지원형 장기안심주택 지원 세분화,TAG_REVIEW,medium,"현재 태그=정보·상담·교육·거버넌스, 태그 핵심어 약함",정보·상담·교육·거버넌스,저출생사업1팀,,본문 기준 수동 재검토
PROP-198050,지하철역사내 유휴공간을 활용한 고객휴개실 또는 육아실 조성 제안,TAG_REVIEW,medium,"현재 태그=정보·상담·교육·거버넌스, 태그 핵심어 약함",정보·상담·교육·거버넌스,저출생사업1팀,임산부 배려공간 조성,본문 기준 수동 재검토
PROP-197999,어린이보호구역,TAG_REVIEW,medium,"현재 태그=정보·상담·교육·거버넌스, 태그 핵심어 약함",정보·상담·교육·거버넌스,저출생사업1팀,,본문 기준 수동 재검토
PROP-197934,어린이보호구역,TAG_REVIEW,medium,"현재 태그=정보·상담·교육·거버넌스, 태그 핵심어 약함",정보·상담·교육·거버넌스,저출생사업1팀,,본문 기준 수동 재검토
PROP-197918,어린이보호구역 시간제 운영,TAG_REVIEW,medium,"현재 태그=정보·상담·교육·거버넌스, 태그 핵심어 약함",정보·상담·교육·거버넌스,저출생사업1팀,,본문 기준 수동 재검토
PROP-197901,도서관 가족회원 통합의 건,TAG_REVIEW,medium,"현재 태그=정보·상담·교육·거버넌스, 태그 핵심어 약함",정보·상담·교육·거버넌스,저출생사업1팀,,본문 기준 수동 재검토
PROP-197873,청년안심주택 반려동물 양육 및 출입금지 규정 폐지 요청드립니다.,TAG_REVIEW,medium,"현재 태그=정보·상담·교육·거버넌스, 태그 핵심어 약함",정보·상담·교육·거버넌스,저출생사업1팀,,본문 기준 수동 재검토
PROP-197702,다자녀 서울런 확대 강력히 요청합니다,POLICY_REMOVED,high,공공요금 감면 요구가 아닌 제안에 공공요금 정책 후보: 다자녀 가구 하수도사용료 감면,다자녀·양육비·생활지원,저출생사업1팀,다자녀 가구 하수도사용료 감면,자동 제거 완료
PROP-197702,다자녀 서울런 확대 강력히 요청합니다,POLICY_REMOVED,high,차량 취득세 요구가 아닌 제안에 취득세 정책 후보: 다자녀 가구 자동차 취득세 감면,다자녀·양육비·생활지원,저출생사업1팀,다자녀 가구 자동차 취득세 감면,자동 제거 완료
PROP-197702,다자녀 서울런 확대 강력히 요청합니다,POLICY_REMOVED,high,차량 취득세 요구가 아닌 제안에 취득세 정책 후보: 다자녀가구 자동차 취득세 취약계층 감면,다자녀·양육비·생활지원,저출생사업1팀,다자녀가구 자동차 취득세 취약계층 감면,자동 제거 완료
PROP-197676,애완견 외출시 기저귀 채워 주세요,TAG_REVIEW,medium,"현재 태그=다자녀·양육비·생활지원, 태그 핵심어 약함",다자녀·양육비·생활지원,저출생사업1팀,,본문 기준 수동 재검토
PROP-197295,어린이 등하굣길 교통안전지도 사업제안,TAG_REVIEW,medium,"현재 태그=정보·상담·교육·거버넌스, 태그 핵심어 약함",정보·상담·교육·거버넌스,저출생사업1팀,영아 전담 아이돌봄서비스; 외국인 가사(육아)인력 시범사업; 1인 자영업자 등 배우자 출산휴가급여 지원; 1인 자영업자?프리랜서 배우자 출산휴가 지원금; 서울시 중소기업 워라밸 포인트제,본문 기준 수동 재검토
PROP-197259,"우리 아이들, 동네 아이들 안전하게 다닐수 있게 도와주세요!!!",TAG_REVIEW,medium,"현재 태그=정보·상담·교육·거버넌스, 태그 핵심어 약함",정보·상담·교육·거버넌스,저출생사업1팀,,본문 기준 수동 재검토
PROP-197171,어린이보호구역 노인일자리,TAG_REVIEW,medium,"현재 태그=정보·상담·교육·거버넌스, 태그 핵심어 약함",정보·상담·교육·거버넌스,저출생사업1팀,,본문 기준 수동 재검토
PROP-197002,어린이보호구역내 속도제한의 탄력조정운영제안,TAG_REVIEW,medium,"현재 태그=정보·상담·교육·거버넌스, 태그 핵심어 약함",정보·상담·교육·거버넌스,저출생사업1팀,,본문 기준 수동 재검토
PROP-196829,우리 아이들이 안전하게 자랄 수 있도록 사당 15구역 재개발 추진해 주세요.,TAG_REVIEW,medium,"현재 태그=정보·상담·교육·거버넌스, 태그 핵심어 약함",정보·상담·교육·거버넌스,저출생사업1팀,,본문 기준 수동 재검토
PROP-196722,어린이 보호 구역 시점과 종점 바닥 그리고 어린이 보호구역에 있는 방호 울타리를 전부 노란색으로 칠해 주세요.,TAG_REVIEW,medium,"현재 태그=정보·상담·교육·거버넌스, 태그 핵심어 약함",정보·상담·교육·거버넌스,저출생사업1팀,,본문 기준 수동 재검토
PROP-196601,서울런 다자녀 혜택,POLICY_REMOVED,high,공공요금 감면 요구가 아닌 제안에 공공요금 정책 후보: 다자녀 가구 하수도사용료 감면,다자녀·양육비·생활지원,저출생사업1팀,다자녀 가구 하수도사용료 감면,자동 제거 완료
PROP-196601,서울런 다자녀 혜택,POLICY_REMOVED,high,차량 취득세 요구가 아닌 제안에 취득세 정책 후보: 다자녀 가구 자동차 취득세 감면,다자녀·양육비·생활지원,저출생사업1팀,다자녀 가구 자동차 취득세 감면,자동 제거 완료
PROP-196434,고등학생 하원 택시 운영제도,TAG_REVIEW,medium,"현재 태그=보육·돌봄 인프라, 태그 핵심어 약함",보육·돌봄 인프라,돌봄사업팀,,본문 기준 수동 재검토
PROP-196158,영유아 부모 우대 교통 정책,TAG_REVIEW,medium,"현재 태그=정보·상담·교육·거버넌스, 태그 핵심어 약함",정보·상담·교육·거버넌스,저출생사업1팀,,본문 기준 수동 재검토
PROP-195744,스쿨존 어린이 스마트폰 사용 제안,TAG_REVIEW,medium,"현재 태그=정보·상담·교육·거버넌스, 태그 핵심어 약함",정보·상담·교육·거버넌스,저출생사업1팀,,본문 기준 수동 재검토
PROP-195684,유급 육아시간 확대 사용 건의,TAG_REVIEW,medium,"현재 태그=정보·상담·교육·거버넌스, 태그 핵심어 약함",정보·상담·교육·거버넌스,저출생사업1팀,,본문 기준 수동 재검토
PROP-195676,서울런 다자녀 확대 시기,POLICY_REMOVED,high,공공요금 감면 요구가 아닌 제안에 공공요금 정책 후보: 다자녀 가구 하수도사용료 감면,다자녀·양육비·생활지원,저출생사업1팀,다자녀 가구 하수도사용료 감면,자동 제거 완료
PROP-195676,서울런 다자녀 확대 시기,POLICY_REMOVED,high,차량 취득세 요구가 아닌 제안에 취득세 정책 후보: 다자녀 가구 자동차 취득세 감면,다자녀·양육비·생활지원,저출생사업1팀,다자녀 가구 자동차 취득세 감면,자동 제거 완료
PROP-195671,[제도개선]다자녀 가정의 시·도 간 주차요금 감면 혜택 제도적 보완 제안,POLICY_REMOVED,high,공공요금 감면 요구가 아닌 제안에 공공요금 정책 후보: 다자녀 가구 하수도사용료 감면,다자녀·양육비·생활지원,저출생사업1팀,다자녀 가구 하수도사용료 감면,자동 제거 완료
PROP-195671,[제도개선]다자녀 가정의 시·도 간 주차요금 감면 혜택 제도적 보완 제안,POLICY_REMOVED,high,차량 취득세 요구가 아닌 제안에 취득세 정책 후보: 다자녀 가구 자동차 취득세 감면,다자녀·양육비·생활지원,저출생사업1팀,다자녀 가구 자동차 취득세 감면,자동 제거 완료
PROP-195671,[제도개선]다자녀 가정의 시·도 간 주차요금 감면 혜택 제도적 보완 제안,POLICY_REMOVED,high,차량 취득세 요구가 아닌 제안에 취득세 정책 후보: 다자녀가구 자동차 취득세 취약계층 감면,다자녀·양육비·생활지원,저출생사업1팀,다자녀가구 자동차 취득세 취약계층 감면,자동 제거 완료
PROP-195657,다자녀 할인 확대,POLICY_REMOVED,high,공공요금 감면 요구가 아닌 제안에 공공요금 정책 후보: 다자녀 가구 하수도사용료 감면,다자녀·양육비·생활지원,저출생사업1팀,다자녀 가구 하수도사용료 감면,자동 제거 완료
PROP-195657,다자녀 할인 확대,POLICY_REMOVED,high,차량 취득세 요구가 아닌 제안에 취득세 정책 후보: 다자녀 가구 자동차 취득세 감면,다자녀·양육비·생활지원,저출생사업1팀,다자녀 가구 자동차 취득세 감면,자동 제거 완료
PROP-195491,휘경2동 아이들을 위한 시설을 만들어 주세요,TAG_REVIEW,medium,"현재 태그=정보·상담·교육·거버넌스, 태그 핵심어 약함",정보·상담·교육·거버넌스,저출생사업1팀,,본문 기준 수동 재검토
PROP-195464,구에서 운영하는 체육시설에 대해 다자녀 3명 → 2명으로 변경 제한 드립니다.,POLICY_REMOVED,high,공공요금 감면 요구가 아닌 제안에 공공요금 정책 후보: 다자녀 가구 하수도사용료 감면,다자녀·양육비·생활지원,저출생사업1팀,다자녀 가구 하수도사용료 감면,자동 제거 완료
PROP-195464,구에서 운영하는 체육시설에 대해 다자녀 3명 → 2명으로 변경 제한 드립니다.,POLICY_REMOVED,high,차량 취득세 요구가 아닌 제안에 취득세 정책 후보: 다자녀 가구 자동차 취득세 감면,다자녀·양육비·생활지원,저출생사업1팀,다자녀 가구 자동차 취득세 감면,자동 제거 완료
PROP-195464,구에서 운영하는 체육시설에 대해 다자녀 3명 → 2명으로 변경 제한 드립니다.,POLICY_REMOVED,high,차량 취득세 요구가 아닌 제안에 취득세 정책 후보: 다자녀가구 자동차 취득세 취약계층 감면,다자녀·양육비·생활지원,저출생사업1팀,다자녀가구 자동차 취득세 취약계층 감면,자동 제거 완료
PROP-195192,어린이 보호구역 건널목,TAG_REVIEW,medium,"현재 태그=정보·상담·교육·거버넌스, 태그 핵심어 약함",정보·상담·교육·거버넌스,저출생사업1팀,,본문 기준 수동 재검토
PROP-195163,어린이보호구역내 교통사고 방지를 위한 교통시설물 변경설치 및 작업제한,TAG_REVIEW,medium,"현재 태그=정보·상담·교육·거버넌스, 태그 핵심어 약함",정보·상담·교육·거버넌스,저출생사업1팀,,본문 기준 수동 재검토
PROP-195147,흡연에 대한 경범죄로 추가 제안. 아이와 시민들의 건강과 올바른 흡연습관을 위해 제안합니다.,TAG_REVIEW,medium,"현재 태그=정보·상담·교육·거버넌스, 태그 핵심어 약함",정보·상담·교육·거버넌스,저출생사업1팀,,본문 기준 수동 재검토
PROP-195084,실효성없는 신혼부부 대상 정책 개선 부탁드립니다,TAG_REVIEW,medium,"현재 태그=주거·교통·도시생활환경, 태그 핵심어 약함",주거·교통·도시생활환경,저출생사업1팀,신혼부부 결혼ㆍ살림비용 지원; 신혼희망타운; 신혼부부 전용 주택 구입 자금 대출; 신혼부부 임차보증금 이자 지원,본문 기준 수동 재검토
PROP-195015,세자녀 이상 행복주택 거주기간 연장관련,TAG_REVIEW,medium,"현재 태그=다자녀·양육비·생활지원, 태그 핵심어 약함",다자녀·양육비·생활지원,저출생사업1팀,,본문 기준 수동 재검토
PROP-194958,용산가족공원 내 잔디 운동장 트랙부분 모래 깔아주세요,TAG_REVIEW,medium,"현재 태그=정보·상담·교육·거버넌스, 태그 핵심어 약함",정보·상담·교육·거버넌스,저출생사업1팀,,본문 기준 수동 재검토
PROP-194851,혼인신고서의 &#39;성·본의 협의&#39;를 출생신고에서 하도록 변경하는 것을 건의드립니다.,TAG_REVIEW,medium,"현재 태그=정보·상담·교육·거버넌스, 태그 핵심어 약함",정보·상담·교육·거버넌스,저출생사업1팀,,본문 기준 수동 재검토
PROP-194771,서울시 신혼부부 이자지원 사업 한도 증액 허용 요청,TAG_REVIEW,medium,"현재 태그=주거·교통·도시생활환경, 태그 핵심어 약함",주거·교통·도시생활환경,저출생사업1팀,신혼부부 결혼ㆍ살림비용 지원; 신혼희망타운; 신혼부부 전용 주택 구입 자금 대출; 신혼부부 임차보증금 이자 지원,본문 기준 수동 재검토
PROP-194713,다자녀가구 자동차 취득세 감면혜택 완화요청(5인승 이상으로),POLICY_REMOVED,high,공공요금 감면 요구가 아닌 제안에 공공요금 정책 후보: 다자녀 가구 하수도사용료 감면,다자녀·양육비·생활지원,저출생사업1팀,다자녀 가구 하수도사용료 감면,자동 제거 완료
PROP-194674,영유아 부모에 대한 주차비용 지원(영유아 동반시),TAG_REVIEW,medium,"현재 태그=정보·상담·교육·거버넌스, 태그 핵심어 약함",정보·상담·교육·거버넌스,저출생사업1팀,,본문 기준 수동 재검토
PROP-194620,서울시 관내의 모유수유시설의 한글 명칭과 영문 명칭 통일 해 주세요.,TAG_REVIEW,medium,"현재 태그=출산·산후 초기지원, 태그 핵심어 약함",출산·산후 초기지원,가족건강팀,,본문 기준 수동 재검토
PROP-194407,스쿨존 교통사고 발생시 피해아동에게 실질적 피해보상안,TAG_REVIEW,medium,"현재 태그=정보·상담·교육·거버넌스, 태그 핵심어 약함",정보·상담·교육·거버넌스,저출생사업1팀,,본문 기준 수동 재검토
PROP-194379,"아이들이 안전하게 걸어 다닐 수 있는 서울을 만들어주세요.(음주운전, 길거리 흡연 관련)",TAG_REVIEW,medium,"현재 태그=정보·상담·교육·거버넌스, 태그 핵심어 약함",정보·상담·교육·거버넌스,저출생사업1팀,,본문 기준 수동 재검토
PROP-194332,서울런 이용자에 다자녀 가정의 추가를 건의합니다.,POLICY_REMOVED,high,공공요금 감면 요구가 아닌 제안에 공공요금 정책 후보: 다자녀 가구 하수도사용료 감면,다자녀·양육비·생활지원,저출생사업1팀,다자녀 가구 하수도사용료 감면,자동 제거 완료
PROP-194332,서울런 이용자에 다자녀 가정의 추가를 건의합니다.,POLICY_REMOVED,high,차량 취득세 요구가 아닌 제안에 취득세 정책 후보: 다자녀 가구 자동차 취득세 감면,다자녀·양육비·생활지원,저출생사업1팀,다자녀 가구 자동차 취득세 감면,자동 제거 완료
PROP-194332,서울런 이용자에 다자녀 가정의 추가를 건의합니다.,POLICY_REMOVED,high,차량 취득세 요구가 아닌 제안에 취득세 정책 후보: 다자녀가구 자동차 취득세 취약계층 감면,다자녀·양육비·생활지원,저출생사업1팀,다자녀가구 자동차 취득세 취약계층 감면,자동 제거 완료
PROP-194248,다자녀혜택 교육도(서울런) 확대부탁드립니다,POLICY_REMOVED,high,공공요금 감면 요구가 아닌 제안에 공공요금 정책 후보: 다자녀 가구 하수도사용료 감면,다자녀·양육비·생활지원,저출생사업1팀,다자녀 가구 하수도사용료 감면,자동 제거 완료
PROP-194248,다자녀혜택 교육도(서울런) 확대부탁드립니다,POLICY_REMOVED,high,차량 취득세 요구가 아닌 제안에 취득세 정책 후보: 다자녀 가구 자동차 취득세 감면,다자녀·양육비·생활지원,저출생사업1팀,다자녀 가구 자동차 취득세 감면,자동 제거 완료
PROP-194248,다자녀혜택 교육도(서울런) 확대부탁드립니다,POLICY_REMOVED,high,차량 취득세 요구가 아닌 제안에 취득세 정책 후보: 다자녀가구 자동차 취득세 취약계층 감면,다자녀·양육비·생활지원,저출생사업1팀,다자녀가구 자동차 취득세 취약계층 감면,자동 제거 완료
PROP-194167,다자녀혜택 연령 상한 폐지 제안,POLICY_REMOVED,high,공공요금 감면 요구가 아닌 제안에 공공요금 정책 후보: 다자녀 가구 하수도사용료 감면,다자녀·양육비·생활지원,저출생사업1팀,다자녀 가구 하수도사용료 감면,자동 제거 완료
PROP-194167,다자녀혜택 연령 상한 폐지 제안,POLICY_REMOVED,high,차량 취득세 요구가 아닌 제안에 취득세 정책 후보: 다자녀 가구 자동차 취득세 감면,다자녀·양육비·생활지원,저출생사업1팀,다자녀 가구 자동차 취득세 감면,자동 제거 완료
PROP-194167,다자녀혜택 연령 상한 폐지 제안,POLICY_REMOVED,high,차량 취득세 요구가 아닌 제안에 취득세 정책 후보: 다자녀가구 자동차 취득세 취약계층 감면,다자녀·양육비·생활지원,저출생사업1팀,다자녀가구 자동차 취득세 취약계층 감면,자동 제거 완료
PROP-194156,교재비 지원,TAG_REVIEW,medium,"현재 태그=정보·상담·교육·거버넌스, 태그 핵심어 약함",정보·상담·교육·거버넌스,저출생사업1팀,,본문 기준 수동 재검토
PROP-193970,도시가스 다자녀 관련,POLICY_REMOVED,high,차량 취득세 요구가 아닌 제안에 취득세 정책 후보: 다자녀 가구 자동차 취득세 감면,다자녀·양육비·생활지원,저출생사업1팀,다자녀 가구 자동차 취득세 감면,자동 제거 완료
PROP-193726,야간 소아응급 의료진 확충 방안 건의,TAG_REVIEW,medium,"현재 태그=보육·돌봄 인프라, 태그 핵심어 약함",보육·돌봄 인프라,돌봄사업팀,,본문 기준 수동 재검토
PROP-193638,어린이 보호구역 알림 전광판,TAG_REVIEW,medium,"현재 태그=정보·상담·교육·거버넌스, 태그 핵심어 약함",정보·상담·교육·거버넌스,저출생사업1팀,,본문 기준 수동 재검토
PROP-192909,"다자녀 할인 서울시 전역(강서구, 양천구....)",POLICY_REMOVED,high,공공요금 감면 요구가 아닌 제안에 공공요금 정책 후보: 다자녀 가구 하수도사용료 감면,다자녀·양육비·생활지원,저출생사업1팀,다자녀 가구 하수도사용료 감면,자동 제거 완료
PROP-192909,"다자녀 할인 서울시 전역(강서구, 양천구....)",POLICY_REMOVED,high,차량 취득세 요구가 아닌 제안에 취득세 정책 후보: 다자녀 가구 자동차 취득세 감면,다자녀·양육비·생활지원,저출생사업1팀,다자녀 가구 자동차 취득세 감면,자동 제거 완료
PROP-192909,"다자녀 할인 서울시 전역(강서구, 양천구....)",POLICY_REMOVED,high,차량 취득세 요구가 아닌 제안에 취득세 정책 후보: 다자녀가구 자동차 취득세 취약계층 감면,다자녀·양육비·생활지원,저출생사업1팀,다자녀가구 자동차 취득세 취약계층 감면,자동 제거 완료
PROP-192382,아이들이 노는곳에 안전시설이 부족하다.,TAG_REVIEW,medium,"현재 태그=정보·상담·교육·거버넌스, 태그 핵심어 약함",정보·상담·교육·거버넌스,저출생사업1팀,,본문 기준 수동 재검토
PROP-192172,장애아동을 위한 전용 미용(헤어컷)시설 설치를 제안합니다.,TAG_REVIEW,medium,"현재 태그=정보·상담·교육·거버넌스, 태그 핵심어 약함",정보·상담·교육·거버넌스,저출생사업1팀,,본문 기준 수동 재검토
PROP-192150,신혼부부 특별공급 자격요건 수정요청드립니다,TAG_REVIEW,medium,"현재 태그=주거·교통·도시생활환경, 태그 핵심어 약함",주거·교통·도시생활환경,저출생사업1팀,신혼부부 결혼ㆍ살림비용 지원; 신혼희망타운; 신혼부부 전용 주택 구입 자금 대출; 신혼부부 임차보증금 이자 지원,본문 기준 수동 재검토
PROP-191846,육아 예술가들의 고독감을 해결하기 위한 육아하는 예술가들의 수다방 ( 手茶房: 창작하고 이야기하고 고민을 나누는 육아 예술가들의 쉼터),TAG_REVIEW,medium,"현재 태그=정보·상담·교육·거버넌스, 태그 핵심어 약함",정보·상담·교육·거버넌스,저출생사업1팀,,본문 기준 수동 재검토
PROP-191811,아동을 위한 녹지 및 놀이시설 부족 문제와 해결방안,TAG_REVIEW,medium,"현재 태그=정보·상담·교육·거버넌스, 태그 핵심어 약함",정보·상담·교육·거버넌스,저출생사업1팀,,본문 기준 수동 재검토
PROP-191792,공공시설 형태의 유아 대상 놀이공간 확대를 건의합니다.,TAG_REVIEW,medium,"현재 태그=정보·상담·교육·거버넌스, 태그 핵심어 약함",정보·상담·교육·거버넌스,저출생사업1팀,,본문 기준 수동 재검토
PROP-191711,서울시시립 어린이병원 주차장(내곡동),TAG_REVIEW,medium,"현재 태그=보육·돌봄 인프라, 태그 핵심어 약함",보육·돌봄 인프라,돌봄사업팀,,본문 기준 수동 재검토
PROP-191498,어린이 보호구역 주정차 금지,TAG_REVIEW,medium,"현재 태그=정보·상담·교육·거버넌스, 태그 핵심어 약함",정보·상담·교육·거버넌스,저출생사업1팀,,본문 기준 수동 재검토
PROP-191449,서울시장부터 영유아까지 물 사용량 약속하고 절약하기,TAG_REVIEW,medium,"현재 태그=정보·상담·교육·거버넌스, 태그 핵심어 약함",정보·상담·교육·거버넌스,저출생사업1팀,,본문 기준 수동 재검토
PROP-191088,독립문 공원 건너편 &#34;독립운동가 가족을 생각하는 작은집&#34;  조적벽돌 교체해야 합니다.,TAG_REVIEW,medium,"현재 태그=정보·상담·교육·거버넌스, 태그 핵심어 약함",정보·상담·교육·거버넌스,저출생사업1팀,,본문 기준 수동 재검토
PROP-190761,아이들 안전한 등하교길을 만들어주세요,TAG_REVIEW,medium,"현재 태그=정보·상담·교육·거버넌스, 태그 핵심어 약함",정보·상담·교육·거버넌스,저출생사업1팀,,본문 기준 수동 재검토
PROP-190756,"필수목적, 예방접종 신청의 건",TAG_REVIEW,medium,"현재 태그=보육·돌봄 인프라, 태그 핵심어 약함",보육·돌봄 인프라,돌봄사업팀,,본문 기준 수동 재검토
PROP-190708,코로나 예방접종 문의 연락절대불가,TAG_REVIEW,medium,"현재 태그=보육·돌봄 인프라, 태그 핵심어 약함",보육·돌봄 인프라,돌봄사업팀,,본문 기준 수동 재검토
PROP-190647,어린이 보호구역 교차로 방지턱,TAG_REVIEW,medium,"현재 태그=정보·상담·교육·거버넌스, 태그 핵심어 약함",정보·상담·교육·거버넌스,저출생사업1팀,,본문 기준 수동 재검토
PROP-190338,사무실 밀집 지역에 아이들을 위한 공간을 마련하면 좋을 것 같습니다.,TAG_REVIEW,medium,"현재 태그=정보·상담·교육·거버넌스, 태그 핵심어 약함",정보·상담·교육·거버넌스,저출생사업1팀,서울시 중소기업 워라밸 포인트제; 서울형 강소기업 지원; 서울형 강소기업 지원(사업종료); 서울형 육아휴직장려금; 서울형 육아휴직장려금(사업종료),본문 기준 수동 재검토
PROP-190300,신혼부부 코로나 예방접종도 빠른일정에 넣어주세요,TAG_REVIEW,medium,"현재 태그=보육·돌봄 인프라, 태그 핵심어 약함",보육·돌봄 인프라,돌봄사업팀,신혼부부 결혼ㆍ살림비용 지원; 신혼희망타운; 신혼부부 전용 주택 구입 자금 대출; 신혼부부 임차보증금 이자 지원,본문 기준 수동 재검토
PROP-190293,코로나19 예방접종증명서,TAG_REVIEW,medium,"현재 태그=보육·돌봄 인프라, 태그 핵심어 약함",보육·돌봄 인프라,돌봄사업팀,,본문 기준 수동 재검토
PROP-190204,유기견들에게 예방접종을 해주세요,TAG_REVIEW,medium,"현재 태그=보육·돌봄 인프라, 태그 핵심어 약함",보육·돌봄 인프라,돌봄사업팀,,본문 기준 수동 재검토
PROP-190111,코로나 예방접종 예진에 대한 제안,TAG_REVIEW,medium,"현재 태그=보육·돌봄 인프라, 태그 핵심어 약함",보육·돌봄 인프라,돌봄사업팀,,본문 기준 수동 재검토
PROP-189861,다자녀혜택에 대해 서울시와 경기도를 구분하지 맙시다,POLICY_REMOVED,high,공공요금 감면 요구가 아닌 제안에 공공요금 정책 후보: 다자녀 가구 하수도사용료 감면,다자녀·양육비·생활지원,저출생사업1팀,다자녀 가구 하수도사용료 감면,자동 제거 완료
PROP-189861,다자녀혜택에 대해 서울시와 경기도를 구분하지 맙시다,POLICY_REMOVED,high,차량 취득세 요구가 아닌 제안에 취득세 정책 후보: 다자녀 가구 자동차 취득세 감면,다자녀·양육비·생활지원,저출생사업1팀,다자녀 가구 자동차 취득세 감면,자동 제거 완료
PROP-189861,다자녀혜택에 대해 서울시와 경기도를 구분하지 맙시다,POLICY_REMOVED,high,차량 취득세 요구가 아닌 제안에 취득세 정책 후보: 다자녀가구 자동차 취득세 취약계층 감면,다자녀·양육비·생활지원,저출생사업1팀,다자녀가구 자동차 취득세 취약계층 감면,자동 제거 완료
PROP-189144,육아수당이나 출생지원금이나 좀 제발 국민좀 챙겨요,TAG_REVIEW,medium,"현재 태그=정보·상담·교육·거버넌스, 태그 핵심어 약함",정보·상담·교육·거버넌스,저출생사업1팀,,본문 기준 수동 재검토
PROP-188850,어린이보호구역에 깃발을 설치해주세요,TAG_REVIEW,medium,"현재 태그=정보·상담·교육·거버넌스, 태그 핵심어 약함",정보·상담·교육·거버넌스,저출생사업1팀,,본문 기준 수동 재검토
PROP-188658,북서울 꿈의숲 유아숲체험장,TAG_REVIEW,medium,"현재 태그=정보·상담·교육·거버넌스, 태그 핵심어 약함",정보·상담·교육·거버넌스,저출생사업1팀,,본문 기준 수동 재검토
PROP-188612,예식을 앞둔 신혼부부입니다,TAG_REVIEW,medium,"현재 태그=주거·교통·도시생활환경, 태그 핵심어 약함",주거·교통·도시생활환경,저출생사업1팀,신혼부부 결혼ㆍ살림비용 지원; 자녀출산 무주택가구 주거비 지원; 신혼희망타운; 신혼부부 전용 주택 구입 자금 대출; 신혼부부 임차보증금 이자 지원,본문 기준 수동 재검토
PROP-188280,기업들의 직원식당을 이용하여 현재의 엄마아빠 미래의 엄마아빠가 아이들에게 따뜻한 밥을 제공해줍시다.,TAG_REVIEW,medium,"현재 태그=정보·상담·교육·거버넌스, 태그 핵심어 약함",정보·상담·교육·거버넌스,저출생사업1팀,서울형 육아휴직장려금; 서울형 육아휴직장려금(사업종료); 1인 자영업자 등 배우자 출산휴가급여 지원; 배우자 출산휴가 지원금; 육아휴직장려금,본문 기준 수동 재검토
PROP-188272,각 주민센터마다 아이스팩을 재활용할 수 있는 시스템을 만들어주세요,TAG_REVIEW,medium,"현재 태그=정보·상담·교육·거버넌스, 태그 핵심어 약함",정보·상담·교육·거버넌스,저출생사업1팀,,본문 기준 수동 재검토
PROP-187657,어린이보호구역,TAG_REVIEW,medium,"현재 태그=정보·상담·교육·거버넌스, 태그 핵심어 약함",정보·상담·교육·거버넌스,저출생사업1팀,,본문 기준 수동 재검토
PROP-187097,어린이보호구역 간판 설치,TAG_REVIEW,medium,"현재 태그=정보·상담·교육·거버넌스, 태그 핵심어 약함",정보·상담·교육·거버넌스,저출생사업1팀,,본문 기준 수동 재검토
PROP-186804,민식법 실효성 높이려면 어린이 보호구역  과속 방지턱 두개 이상 연속 설치 전국적으로 시행 제안,TAG_REVIEW,medium,"현재 태그=정보·상담·교육·거버넌스, 태그 핵심어 약함",정보·상담·교육·거버넌스,저출생사업1팀,,본문 기준 수동 재검토
PROP-186685,"기저귀 전용 배출봉투 제작, 배포",TAG_REVIEW,medium,"현재 태그=다자녀·양육비·생활지원, 태그 핵심어 약함",다자녀·양육비·생활지원,저출생사업1팀,,본문 기준 수동 재검토
PROP-186632,구별로 영유아 마스크 공급 동일하게해주세요,TAG_REVIEW,medium,"현재 태그=정보·상담·교육·거버넌스, 태그 핵심어 약함",정보·상담·교육·거버넌스,저출생사업1팀,,본문 기준 수동 재검토
PROP-186295,"박물관, 미술관, 도서관등 아이들이 이용하는 공공시설에 공기청정기 설치",TAG_REVIEW,medium,"현재 태그=정보·상담·교육·거버넌스, 태그 핵심어 약함",정보·상담·교육·거버넌스,저출생사업1팀,,본문 기준 수동 재검토
PROP-185872,어린이보호구역 스쿨존 도로 형태 변경을 제안합니다.,TAG_REVIEW,medium,"현재 태그=정보·상담·교육·거버넌스, 태그 핵심어 약함",정보·상담·교육·거버넌스,저출생사업1팀,,본문 기준 수동 재검토
PROP-185511,어린이대공원을 아이들과 미래세대를 위한 &#39;지혜의 바다&#39;로 만들어주세요!!!,TAG_REVIEW,medium,"현재 태그=정보·상담·교육·거버넌스, 태그 핵심어 약함",정보·상담·교육·거버넌스,저출생사업1팀,,본문 기준 수동 재검토
PROP-185480,"아동 양육 수당을 현금 지급이 아닌 바우처나 쿠폰, 공공시설 이용 포인트로 전환해주세요",TAG_REVIEW,medium,"현재 태그=정보·상담·교육·거버넌스, 태그 핵심어 약함",정보·상담·교육·거버넌스,저출생사업1팀,저소득층 기저귀조제분유 취약계층 지원 (사회서비스전자바우처); 농식품바우처 취약계층 지원; 과학문화 바우처 취약계층 지원,본문 기준 수동 재검토
PROP-185383,어린이공원 내에 젊은 부모들의 감성을 자극하는 테마공원을 조성해주세요.,TAG_REVIEW,medium,"현재 태그=정보·상담·교육·거버넌스, 태그 핵심어 약함",정보·상담·교육·거버넌스,저출생사업1팀,,본문 기준 수동 재검토
PROP-185302,아이와 조부모가 함께 할 수 있는 공간을 만들어주세요,TAG_REVIEW,medium,"현재 태그=보육·돌봄 인프라, 태그 핵심어 약함",보육·돌봄 인프라,돌봄사업팀,,본문 기준 수동 재검토
PROP-185286,조부모 공동육아 및 조부모 육아교실,TAG_REVIEW,medium,"현재 태그=보육·돌봄 인프라, 태그 핵심어 약함",보육·돌봄 인프라,돌봄사업팀,,본문 기준 수동 재검토
PROP-185280,조부모육아경제지원,TAG_REVIEW,medium,"현재 태그=보육·돌봄 인프라, 태그 핵심어 약함",보육·돌봄 인프라,돌봄사업팀,,본문 기준 수동 재검토
PROP-185277,조부모육아경제적지원해주세요,TAG_REVIEW,medium,"현재 태그=보육·돌봄 인프라, 태그 핵심어 약함",보육·돌봄 인프라,돌봄사업팀,,본문 기준 수동 재검토
PROP-185272,조부모 육아,TAG_REVIEW,medium,"현재 태그=보육·돌봄 인프라, 태그 핵심어 약함",보육·돌봄 인프라,돌봄사업팀,,본문 기준 수동 재검토
PROP-184945,어린이 노인장애인보호구역 도로표시  지그자그로,TAG_REVIEW,medium,"현재 태그=정보·상담·교육·거버넌스, 태그 핵심어 약함",정보·상담·교육·거버넌스,저출생사업1팀,,본문 기준 수동 재검토
PROP-184905,아동들의 놀 공간을 찾아주세요!,TAG_REVIEW,medium,"현재 태그=정보·상담·교육·거버넌스, 태그 핵심어 약함",정보·상담·교육·거버넌스,저출생사업1팀,,본문 기준 수동 재검토
PROP-184904,아이들만의 쉬는 공간이 필요해요!!,TAG_REVIEW,medium,"현재 태그=정보·상담·교육·거버넌스, 태그 핵심어 약함",정보·상담·교육·거버넌스,저출생사업1팀,,본문 기준 수동 재검토
PROP-184899,무료로 아이들이 놀수 있는 시설을 마련해주세요.,TAG_REVIEW,medium,"현재 태그=정보·상담·교육·거버넌스, 태그 핵심어 약함",정보·상담·교육·거버넌스,저출생사업1팀,,본문 기준 수동 재검토
PROP-184898,아이들을 위한 놀이공간이 필요합니다,TAG_REVIEW,medium,"현재 태그=정보·상담·교육·거버넌스, 태그 핵심어 약함",정보·상담·교육·거버넌스,저출생사업1팀,,본문 기준 수동 재검토
PROP-184889,아이들을 위한 실내 놀이공간에 대한  의견,TAG_REVIEW,medium,"현재 태그=정보·상담·교육·거버넌스, 태그 핵심어 약함",정보·상담·교육·거버넌스,저출생사업1팀,,본문 기준 수동 재검토
PROP-184886,아이들을 위한 실내 공간에 대한 나의 의견,TAG_REVIEW,medium,"현재 태그=정보·상담·교육·거버넌스, 태그 핵심어 약함",정보·상담·교육·거버넌스,저출생사업1팀,,본문 기준 수동 재검토
PROP-184649,공영주차장에 아파트를  건축하여 저소득층이나 신혼부부에게 저렴하게 분양하자,TAG_REVIEW,medium,"현재 태그=주거·교통·도시생활환경, 태그 핵심어 약함",주거·교통·도시생활환경,저출생사업1팀,신혼부부 결혼ㆍ살림비용 지원; 신혼희망타운; 신혼부부 전용 주택 구입 자금 대출; 신혼부부 임차보증금 이자 지원,본문 기준 수동 재검토
PROP-184568,공동육아  참여하는 부모님들 위한 심리 프로그램 마련해주세요!,TAG_REVIEW,medium,"현재 태그=정보·상담·교육·거버넌스, 태그 핵심어 약함",정보·상담·교육·거버넌스,저출생사업1팀,,본문 기준 수동 재검토
PROP-184566,각 지역 공동육아 단체들과 교류할수 있게 해주세요,TAG_REVIEW,medium,"현재 태그=정보·상담·교육·거버넌스, 태그 핵심어 약함",정보·상담·교육·거버넌스,저출생사업1팀,,본문 기준 수동 재검토
PROP-184404,다자녀혜택 경기도와 교류~,POLICY_REMOVED,high,공공요금 감면 요구가 아닌 제안에 공공요금 정책 후보: 다자녀 가구 하수도사용료 감면,다자녀·양육비·생활지원,저출생사업1팀,다자녀 가구 하수도사용료 감면,자동 제거 완료
PROP-184404,다자녀혜택 경기도와 교류~,POLICY_REMOVED,high,차량 취득세 요구가 아닌 제안에 취득세 정책 후보: 다자녀 가구 자동차 취득세 감면,다자녀·양육비·생활지원,저출생사업1팀,다자녀 가구 자동차 취득세 감면,자동 제거 완료
PROP-184264,아이들의 놀이공간,TAG_REVIEW,medium,"현재 태그=정보·상담·교육·거버넌스, 태그 핵심어 약함",정보·상담·교육·거버넌스,저출생사업1팀,,본문 기준 수동 재검토
PROP-184161,다자녀공영주차장할인제도개선사항,POLICY_REMOVED,high,공공요금 감면 요구가 아닌 제안에 공공요금 정책 후보: 다자녀 가구 하수도사용료 감면,다자녀·양육비·생활지원,저출생사업1팀,다자녀 가구 하수도사용료 감면,자동 제거 완료
PROP-184161,다자녀공영주차장할인제도개선사항,POLICY_REMOVED,high,차량 취득세 요구가 아닌 제안에 취득세 정책 후보: 다자녀 가구 자동차 취득세 감면,다자녀·양육비·생활지원,저출생사업1팀,다자녀 가구 자동차 취득세 감면,자동 제거 완료
PROP-184161,다자녀공영주차장할인제도개선사항,POLICY_REMOVED,high,차량 취득세 요구가 아닌 제안에 취득세 정책 후보: 다자녀가구 자동차 취득세 취약계층 감면,다자녀·양육비·생활지원,저출생사업1팀,다자녀가구 자동차 취득세 취약계층 감면,자동 제거 완료
PROP-184041,"길고양이 입양시 중성화 수술, 예방접종 비용 지원 및 쉼터조성을 통한 길고양이 관련 민원 해소 대책 마련",TAG_REVIEW,medium,"현재 태그=보육·돌봄 인프라, 태그 핵심어 약함",보육·돌봄 인프라,돌봄사업팀,,본문 기준 수동 재검토
PROP-183924,안전지킴이(아이들에게 기쁨을!),TAG_REVIEW,medium,"현재 태그=정보·상담·교육·거버넌스, 태그 핵심어 약함",정보·상담·교육·거버넌스,저출생사업1팀,,본문 기준 수동 재검토
PROP-183684,어르신들의 산책로와  아이들의 안전한 숲을 지켜주세요,TAG_REVIEW,medium,"현재 태그=정보·상담·교육·거버넌스, 태그 핵심어 약함",정보·상담·교육·거버넌스,저출생사업1팀,,본문 기준 수동 재검토
PROP-183353,다자녀 전용주차장 설치,POLICY_REMOVED,high,공공요금 감면 요구가 아닌 제안에 공공요금 정책 후보: 다자녀 가구 하수도사용료 감면,다자녀·양육비·생활지원,저출생사업1팀,다자녀 가구 하수도사용료 감면,자동 제거 완료
PROP-183353,다자녀 전용주차장 설치,POLICY_REMOVED,high,차량 취득세 요구가 아닌 제안에 취득세 정책 후보: 다자녀 가구 자동차 취득세 감면,다자녀·양육비·생활지원,저출생사업1팀,다자녀 가구 자동차 취득세 감면,자동 제거 완료
PROP-183129,보건소에서 예비맘을 위한 예비맘 키트를 제공해주셨으면 좋겠어요,TAG_REVIEW,medium,"현재 태그=정보·상담·교육·거버넌스, 태그 핵심어 약함",정보·상담·교육·거버넌스,저출생사업1팀,,본문 기준 수동 재검토
PROP-182392,서울시립대학 을 폐교하고 신혼부부용 아파트를 건설합시다,TAG_REVIEW,medium,"현재 태그=주거·교통·도시생활환경, 태그 핵심어 약함",주거·교통·도시생활환경,저출생사업1팀,신혼부부 결혼ㆍ살림비용 지원; 신혼희망타운; 신혼부부 전용 주택 구입 자금 대출; 신혼부부 임차보증금 이자 지원,본문 기준 수동 재검토
PROP-182161,어린이 노인보호구역 신호등커버나 기둥에 노란색 칠하기,TAG_REVIEW,medium,"현재 태그=정보·상담·교육·거버넌스, 태그 핵심어 약함",정보·상담·교육·거버넌스,저출생사업1팀,,본문 기준 수동 재검토
PROP-182108,어린이 보호구역 신호등 노란색 칠하기,TAG_REVIEW,medium,"현재 태그=정보·상담·교육·거버넌스, 태그 핵심어 약함",정보·상담·교육·거버넌스,저출생사업1팀,,본문 기준 수동 재검토
PROP-181921,큰 건물의 하수처리 시설 설치를 지원해 주세요. (열섬 현상 개선 아이디어),TAG_REVIEW,medium,"현재 태그=정보·상담·교육·거버넌스, 태그 핵심어 약함",정보·상담·교육·거버넌스,저출생사업1팀,,본문 기준 수동 재검토
PROP-181473,다자녀가정 할인 정책,POLICY_REMOVED,high,공공요금 감면 요구가 아닌 제안에 공공요금 정책 후보: 다자녀 가구 하수도사용료 감면,다자녀·양육비·생활지원,저출생사업1팀,다자녀 가구 하수도사용료 감면,자동 제거 완료
PROP-181473,다자녀가정 할인 정책,POLICY_REMOVED,high,차량 취득세 요구가 아닌 제안에 취득세 정책 후보: 다자녀 가구 자동차 취득세 감면,다자녀·양육비·생활지원,저출생사업1팀,다자녀 가구 자동차 취득세 감면,자동 제거 완료
PROP-181300,유아용 체험학습장소 실내식사장소 확대해주세요,TAG_REVIEW,medium,"현재 태그=정보·상담·교육·거버넌스, 태그 핵심어 약함",정보·상담·교육·거버넌스,저출생사업1팀,,본문 기준 수동 재검토
PROP-181229,월컴 키즈존 - 아이들과 함께하는 행복한 식사,TAG_REVIEW,medium,"현재 태그=보육·돌봄 인프라, 태그 핵심어 약함",보육·돌봄 인프라,돌봄사업팀,,본문 기준 수동 재검토
PROP-181015,서울시 어린이 보호구역 안전휀스 개선,TAG_REVIEW,medium,"현재 태그=정보·상담·교육·거버넌스, 태그 핵심어 약함",정보·상담·교육·거버넌스,저출생사업1팀,,본문 기준 수동 재검토
PROP-180989,서울시내 도로교통법 바껴야한다고 봅니다. (시내한복판/스쿨존/어린이보호구역/노인보호구역),TAG_REVIEW,medium,"현재 태그=정보·상담·교육·거버넌스, 태그 핵심어 약함",정보·상담·교육·거버넌스,저출생사업1팀,,본문 기준 수동 재검토
PROP-180667,다자녀 혜택논의,POLICY_REMOVED,high,공공요금 감면 요구가 아닌 제안에 공공요금 정책 후보: 다자녀 가구 하수도사용료 감면,다자녀·양육비·생활지원,저출생사업1팀,다자녀 가구 하수도사용료 감면,자동 제거 완료
PROP-180667,다자녀 혜택논의,POLICY_REMOVED,high,차량 취득세 요구가 아닌 제안에 취득세 정책 후보: 다자녀 가구 자동차 취득세 감면,다자녀·양육비·생활지원,저출생사업1팀,다자녀 가구 자동차 취득세 감면,자동 제거 완료
PROP-180655,저출산 대책) 다자녀 가정 차량 운영 지원건,POLICY_REMOVED,high,공공요금 감면 요구가 아닌 제안에 공공요금 정책 후보: 다자녀 가구 하수도사용료 감면,출산·산후 초기지원,가족건강팀,다자녀 가구 하수도사용료 감면,자동 제거 완료
PROP-180628,다자녀 장학생 역차별 제도개선,POLICY_REMOVED,high,공공요금 감면 요구가 아닌 제안에 공공요금 정책 후보: 다자녀 가구 하수도사용료 감면,다자녀·양육비·생활지원,저출생사업1팀,다자녀 가구 하수도사용료 감면,자동 제거 완료
PROP-180628,다자녀 장학생 역차별 제도개선,POLICY_REMOVED,high,차량 취득세 요구가 아닌 제안에 취득세 정책 후보: 다자녀 가구 자동차 취득세 감면,다자녀·양육비·생활지원,저출생사업1팀,다자녀 가구 자동차 취득세 감면,자동 제거 완료
PROP-180628,다자녀 장학생 역차별 제도개선,POLICY_REMOVED,high,차량 취득세 요구가 아닌 제안에 취득세 정책 후보: 다자녀가구 자동차 취득세 취약계층 감면,다자녀·양육비·생활지원,저출생사업1팀,다자녀가구 자동차 취득세 취약계층 감면,자동 제거 완료
PROP-180585,서울시 어린이 보호구역 안전휀스 개선,TAG_REVIEW,medium,"현재 태그=정보·상담·교육·거버넌스, 태그 핵심어 약함",정보·상담·교육·거버넌스,저출생사업1팀,,본문 기준 수동 재검토
PROP-180422,서울시 25개 자치구청 보건소 예방접종 의료진료기록 평생관리 개선토록 개선,TAG_REVIEW,medium,"현재 태그=보육·돌봄 인프라, 태그 핵심어 약함",보육·돌봄 인프라,돌봄사업팀,,본문 기준 수동 재검토
PROP-180406,육아열차운행,TAG_REVIEW,medium,"현재 태그=정보·상담·교육·거버넌스, 태그 핵심어 약함",정보·상담·교육·거버넌스,가족지원팀,외국인 가사(육아)인력 시범사업; 영아 전담 아이돌봄서비스; 1인 자영업자 등 배우자 출산휴가급여 지원; 1인 자영업자?프리랜서 배우자 출산휴가 지원금; 배우자 출산휴가 지원금,본문 기준 수동 재검토
PROP-180253,미세먼지 대피소로 아이들을 위한 대형실내놀이터를 제안합니다!!,TAG_REVIEW,medium,"현재 태그=정보·상담·교육·거버넌스, 태그 핵심어 약함",정보·상담·교육·거버넌스,저출생사업1팀,,본문 기준 수동 재검토
PROP-180104,서울시 다자녀 가정에 층간소음 방지 용품 무상 지원 대책,POLICY_REMOVED,high,공공요금 감면 요구가 아닌 제안에 공공요금 정책 후보: 다자녀 가구 하수도사용료 감면,다자녀·양육비·생활지원,저출생사업1팀,다자녀 가구 하수도사용료 감면,자동 제거 완료
PROP-180104,서울시 다자녀 가정에 층간소음 방지 용품 무상 지원 대책,POLICY_REMOVED,high,차량 취득세 요구가 아닌 제안에 취득세 정책 후보: 다자녀 가구 자동차 취득세 감면,다자녀·양육비·생활지원,저출생사업1팀,다자녀 가구 자동차 취득세 감면,자동 제거 완료
PROP-180104,서울시 다자녀 가정에 층간소음 방지 용품 무상 지원 대책,POLICY_REMOVED,high,차량 취득세 요구가 아닌 제안에 취득세 정책 후보: 다자녀가구 자동차 취득세 취약계층 감면,다자녀·양육비·생활지원,저출생사업1팀,다자녀가구 자동차 취득세 취약계층 감면,자동 제거 완료
PROP-198288,다자녀 아이들 혜택,POLICY_REMOVED,high,차량 취득세 요구가 아닌 제안에 취득세 정책 후보: 다자녀 가구 자동차 취득세 감면,취약·다양가족 사각지대,"가족지원팀, 저출생사업1팀, 돌봄사업팀",다자녀 가구 자동차 취득세 감면,자동 제거 완료
PROP-198288,다자녀 아이들 혜택,POLICY_REMOVED,high,차량 취득세 요구가 아닌 제안에 취득세 정책 후보: 다자녀가구 자동차 취득세 취약계층 감면,취약·다양가족 사각지대,"가족지원팀, 저출생사업1팀, 돌봄사업팀",다자녀가구 자동차 취득세 취약계층 감면,자동 제거 완료
PROP-194248,다자녀혜택 교육도(서울런) 확대부탁드립니다,POLICY_REMOVED,high,공공요금 감면 요구가 아닌 제안에 공공요금 정책 후보: 다자녀 가구 하수도사용료 감면,취약·다양가족 사각지대,다문화지원팀,다자녀 가구 하수도사용료 감면,자동 제거 완료
PROP-194248,다자녀혜택 교육도(서울런) 확대부탁드립니다,POLICY_REMOVED,high,차량 취득세 요구가 아닌 제안에 취득세 정책 후보: 다자녀 가구 자동차 취득세 감면,취약·다양가족 사각지대,다문화지원팀,다자녀 가구 자동차 취득세 감면,자동 제거 완료
PROP-194248,다자녀혜택 교육도(서울런) 확대부탁드립니다,POLICY_REMOVED,high,차량 취득세 요구가 아닌 제안에 취득세 정책 후보: 다자녀가구 자동차 취득세 취약계층 감면,취약·다양가족 사각지대,다문화지원팀,다자녀가구 자동차 취득세 취약계층 감면,자동 제거 완료
PROP-184568,공동육아  참여하는 부모님들 위한 심리 프로그램 마련해주세요!,TAG_REVIEW,medium,"현재 태그=정보·상담·교육·거버넌스, 태그 핵심어 약함",정보·상담·교육·거버넌스,저출생사업1팀,,본문 기준 수동 재검토
PROP-189861,다자녀혜택에 대해 서울시와 경기도를 구분하지 맙시다,POLICY_REMOVED,high,공공요금 감면 요구가 아닌 제안에 공공요금 정책 후보: 다자녀 가구 하수도사용료 감면,다자녀·양육비·생활지원,저출생사업1팀,다자녀 가구 하수도사용료 감면,자동 제거 완료
PROP-189861,다자녀혜택에 대해 서울시와 경기도를 구분하지 맙시다,POLICY_REMOVED,high,차량 취득세 요구가 아닌 제안에 취득세 정책 후보: 다자녀 가구 자동차 취득세 감면,다자녀·양육비·생활지원,저출생사업1팀,다자녀 가구 자동차 취득세 감면,자동 제거 완료
PROP-189861,다자녀혜택에 대해 서울시와 경기도를 구분하지 맙시다,POLICY_REMOVED,high,차량 취득세 요구가 아닌 제안에 취득세 정책 후보: 다자녀가구 자동차 취득세 취약계층 감면,다자녀·양육비·생활지원,저출생사업1팀,다자녀가구 자동차 취득세 취약계층 감면,자동 제거 완료
PROP-184404,다자녀혜택 경기도와 교류~,POLICY_REMOVED,high,공공요금 감면 요구가 아닌 제안에 공공요금 정책 후보: 다자녀 가구 하수도사용료 감면,다자녀·양육비·생활지원,저출생사업1팀,다자녀 가구 하수도사용료 감면,자동 제거 완료
PROP-184404,다자녀혜택 경기도와 교류~,POLICY_REMOVED,high,차량 취득세 요구가 아닌 제안에 취득세 정책 후보: 다자녀 가구 자동차 취득세 감면,다자녀·양육비·생활지원,저출생사업1팀,다자녀 가구 자동차 취득세 감면,자동 제거 완료
PROP-184404,다자녀혜택 경기도와 교류~,POLICY_REMOVED,high,차량 취득세 요구가 아닌 제안에 취득세 정책 후보: 다자녀가구 자동차 취득세 취약계층 감면,다자녀·양육비·생활지원,저출생사업1팀,다자녀가구 자동차 취득세 취약계층 감면,자동 제거 완료
PROP-197702,다자녀 서울런 확대 강력히 요청합니다,POLICY_REMOVED,high,공공요금 감면 요구가 아닌 제안에 공공요금 정책 후보: 다자녀 가구 하수도사용료 감면,다자녀·양육비·생활지원,저출생사업1팀,다자녀 가구 하수도사용료 감면,자동 제거 완료
PROP-197702,다자녀 서울런 확대 강력히 요청합니다,POLICY_REMOVED,high,차량 취득세 요구가 아닌 제안에 취득세 정책 후보: 다자녀 가구 자동차 취득세 감면,다자녀·양육비·생활지원,저출생사업1팀,다자녀 가구 자동차 취득세 감면,자동 제거 완료
PROP-197702,다자녀 서울런 확대 강력히 요청합니다,POLICY_REMOVED,high,차량 취득세 요구가 아닌 제안에 취득세 정책 후보: 다자녀가구 자동차 취득세 취약계층 감면,다자녀·양육비·생활지원,저출생사업1팀,다자녀가구 자동차 취득세 취약계층 감면,자동 제거 완료
PROP-196601,서울런 다자녀 혜택,POLICY_REMOVED,high,공공요금 감면 요구가 아닌 제안에 공공요금 정책 후보: 다자녀 가구 하수도사용료 감면,다자녀·양육비·생활지원,저출생사업1팀,다자녀 가구 하수도사용료 감면,자동 제거 완료
PROP-196601,서울런 다자녀 혜택,POLICY_REMOVED,high,차량 취득세 요구가 아닌 제안에 취득세 정책 후보: 다자녀 가구 자동차 취득세 감면,다자녀·양육비·생활지원,저출생사업1팀,다자녀 가구 자동차 취득세 감면,자동 제거 완료
PROP-196601,서울런 다자녀 혜택,POLICY_REMOVED,high,차량 취득세 요구가 아닌 제안에 취득세 정책 후보: 다자녀가구 자동차 취득세 취약계층 감면,다자녀·양육비·생활지원,저출생사업1팀,다자녀가구 자동차 취득세 취약계층 감면,자동 제거 완료
PROP-191053,어린이집 증원을 요청드립니다,TAG_REVIEW,medium,"현재 태그=주거·교통·도시생활환경, 태그 핵심어 약함",주거·교통·도시생활환경,가족건강팀,외국인 가사(육아)인력 시범사업; 영아 전담 아이돌봄서비스; 1인 자영업자 등 배우자 출산휴가급여 지원; 배우자 출산휴가 지원금; 임산부 출산급여 지원,본문 기준 수동 재검토
PROP-185646,서울시 -저소득층 임산부와 그 남편을 대상으로 하는 임산부들의 산후우울증 예방 프로그램에 대하여  제안합니다,TAG_REVIEW,medium,"현재 태그=취약·다양가족 사각지대, 태그 핵심어 약함",취약·다양가족 사각지대,가족건강팀,"35세 이상 임산부 외래 진료 및 검사비 지원; 임산부 엽산제, 철분제 지원; 서울형 산모 산후조리경비 지원; 서울시 난임?임산부심리상담센터 운영; 맘편한 임신 원스톱서비스(임산부?출산전 제공)",본문 기준 수동 재검토
PROP-199044,서울시 다자녀 할인 정책의 지역 제한 완화 요청,POLICY_REMOVED,high,공공요금 감면 요구가 아닌 제안에 공공요금 정책 후보: 다자녀 가구 하수도사용료 감면,다자녀·양육비·생활지원,가족지원팀,다자녀 가구 하수도사용료 감면,자동 제거 완료
PROP-199044,서울시 다자녀 할인 정책의 지역 제한 완화 요청,POLICY_REMOVED,high,차량 취득세 요구가 아닌 제안에 취득세 정책 후보: 다자녀 가구 자동차 취득세 감면,다자녀·양육비·생활지원,가족지원팀,다자녀 가구 자동차 취득세 감면,자동 제거 완료
PROP-199044,서울시 다자녀 할인 정책의 지역 제한 완화 요청,POLICY_REMOVED,high,차량 취득세 요구가 아닌 제안에 취득세 정책 후보: 다자녀가구 자동차 취득세 취약계층 감면,다자녀·양육비·생활지원,가족지원팀,다자녀가구 자동차 취득세 취약계층 감면,자동 제거 완료
PROP-198265,서울시 공영주차장 다자녀 감면 혜택 확대 제안,POLICY_REMOVED,high,차량 취득세 요구가 아닌 제안에 취득세 정책 후보: 다자녀 가구 자동차 취득세 감면,다자녀·양육비·생활지원,저출생사업1팀,다자녀 가구 자동차 취득세 감면,자동 제거 완료
PROP-198265,서울시 공영주차장 다자녀 감면 혜택 확대 제안,POLICY_REMOVED,high,공공요금 감면 요구가 아닌 제안에 공공요금 정책 후보: 다자녀 가구 하수도사용료 감면,다자녀·양육비·생활지원,저출생사업1팀,다자녀 가구 하수도사용료 감면,자동 제거 완료
PROP-185280,조부모육아경제지원,TAG_REVIEW,medium,"현재 태그=보육·돌봄 인프라, 태그 핵심어 약함",보육·돌봄 인프라,가족건강팀,,본문 기준 수동 재검토
PROP-182864,서로 돌봄이 이뤄지는 공동주방을 만들어주세요,TAG_REVIEW,medium,"현재 태그=일·가정 양립·부모 노동, 태그 핵심어 약함",일·가정 양립·부모 노동,가족건강팀,병원동행 전담 아이돌봄서비스; 아픈아이 전담 아이돌봄서비스; 영아 전담 아이돌봄서비스; 영아종일제 아이돌봄 서비스; 초등돌봄교실,본문 기준 수동 재검토
PROP-195671,[제도개선]다자녀 가정의 시·도 간 주차요금 감면 혜택 제도적 보완 제안,POLICY_REMOVED,high,공공요금 감면 요구가 아닌 제안에 공공요금 정책 후보: 다자녀 가구 하수도사용료 감면,다자녀·양육비·생활지원,"저출생사업1팀, 고령사회정책팀, 건강임신지원팀",다자녀 가구 하수도사용료 감면,자동 제거 완료
PROP-195671,[제도개선]다자녀 가정의 시·도 간 주차요금 감면 혜택 제도적 보완 제안,POLICY_REMOVED,high,차량 취득세 요구가 아닌 제안에 취득세 정책 후보: 다자녀 가구 자동차 취득세 감면,다자녀·양육비·생활지원,"저출생사업1팀, 고령사회정책팀, 건강임신지원팀",다자녀 가구 자동차 취득세 감면,자동 제거 완료
PROP-195671,[제도개선]다자녀 가정의 시·도 간 주차요금 감면 혜택 제도적 보완 제안,POLICY_REMOVED,high,차량 취득세 요구가 아닌 제안에 취득세 정책 후보: 다자녀가구 자동차 취득세 취약계층 감면,다자녀·양육비·생활지원,"저출생사업1팀, 고령사회정책팀, 건강임신지원팀",다자녀가구 자동차 취득세 취약계층 감면,자동 제거 완료
PROP-196215,저출산 문제 해결을 위한 폐교부지 활용,TAG_REVIEW,medium,"현재 태그=주거·교통·도시생활환경, 태그 핵심어 약함",주거·교통·도시생활환경,저출생사업1팀,,본문 기준 수동 재검토
PROP-194713,다자녀가구 자동차 취득세 감면혜택 완화요청(5인승 이상으로),POLICY_REMOVED,high,공공요금 감면 요구가 아닌 제안에 공공요금 정책 후보: 다자녀 가구 하수도사용료 감면,다자녀·양육비·생활지원,저출생사업1팀,다자녀 가구 하수도사용료 감면,자동 제거 완료
PROP-193260,사회적 통합 돌봄 서비스,TAG_REVIEW,medium,"현재 태그=정보·상담·교육·거버넌스, 태그 핵심어 약함",정보·상담·교육·거버넌스,돌봄사업팀,병원동행 전담 아이돌봄서비스; 아픈아이 전담 아이돌봄서비스; 영아 전담 아이돌봄서비스; 영아종일제 아이돌봄 서비스; 초등돌봄교실,본문 기준 수동 재검토
PROP-184570,살림.육아에 대한 정보를 공공장소에 노출시켜주세요,TAG_REVIEW,medium,"현재 태그=주거·교통·도시생활환경, 태그 핵심어 약함",주거·교통·도시생활환경,저출생사업1팀,,본문 기준 수동 재검토
PROP-184569,“공동육아”를 기업법정 교육시간에 포함시켜주세요.,TAG_REVIEW,medium,"현재 태그=취약·다양가족 사각지대, 태그 핵심어 약함",취약·다양가족 사각지대,가족지원팀,서울시 중소기업 워라밸 포인트제; 서울형 강소기업 지원; 서울형 강소기업 지원(사업종료); 배우자 출산휴가 지원금; 서울형 新일?생활 균형 3종 패키지,본문 기준 수동 재검토
PROP-180104,서울시 다자녀 가정에 층간소음 방지 용품 무상 지원 대책,POLICY_REMOVED,high,공공요금 감면 요구가 아닌 제안에 공공요금 정책 후보: 다자녀 가구 하수도사용료 감면,다자녀·양육비·생활지원,저출생사업1팀,다자녀 가구 하수도사용료 감면,자동 제거 완료
PROP-180104,서울시 다자녀 가정에 층간소음 방지 용품 무상 지원 대책,POLICY_REMOVED,high,차량 취득세 요구가 아닌 제안에 취득세 정책 후보: 다자녀 가구 자동차 취득세 감면,다자녀·양육비·생활지원,저출생사업1팀,다자녀 가구 자동차 취득세 감면,자동 제거 완료
PROP-180104,서울시 다자녀 가정에 층간소음 방지 용품 무상 지원 대책,POLICY_REMOVED,high,차량 취득세 요구가 아닌 제안에 취득세 정책 후보: 다자녀가구 자동차 취득세 취약계층 감면,다자녀·양육비·생활지원,저출생사업1팀,다자녀가구 자동차 취득세 취약계층 감면,자동 제거 완료
PROP-190853,돌봄 필요 노인 지역별 사회서비스원 센터 우선 활용,TAG_REVIEW,medium,"현재 태그=정보·상담·교육·거버넌스, 태그 핵심어 약함",정보·상담·교육·거버넌스,돌봄사업팀,병원동행 전담 아이돌봄서비스; 아픈아이 전담 아이돌봄서비스; 영아 전담 아이돌봄서비스; 영아종일제 아이돌봄 서비스; 초등돌봄교실,본문 기준 수동 재검토
PROP-185286,조부모 공동육아 및 조부모 육아교실,TAG_REVIEW,medium,"현재 태그=보육·돌봄 인프라, 태그 핵심어 약함",보육·돌봄 인프라,돌봄사업팀,,본문 기준 수동 재검토
PROP-184566,각 지역 공동육아 단체들과 교류할수 있게 해주세요,TAG_REVIEW,medium,"현재 태그=다자녀·양육비·생활지원, 태그 핵심어 약함",다자녀·양육비·생활지원,저출생사업1팀,,본문 기준 수동 재검토
PROP-194332,서울런 이용자에 다자녀 가정의 추가를 건의합니다.,POLICY_REMOVED,high,공공요금 감면 요구가 아닌 제안에 공공요금 정책 후보: 다자녀 가구 하수도사용료 감면,취약·다양가족 사각지대,저출생사업1팀,다자녀 가구 하수도사용료 감면,자동 제거 완료
PROP-194332,서울런 이용자에 다자녀 가정의 추가를 건의합니다.,POLICY_REMOVED,high,차량 취득세 요구가 아닌 제안에 취득세 정책 후보: 다자녀 가구 자동차 취득세 감면,취약·다양가족 사각지대,저출생사업1팀,다자녀 가구 자동차 취득세 감면,자동 제거 완료
PROP-194332,서울런 이용자에 다자녀 가정의 추가를 건의합니다.,POLICY_REMOVED,high,차량 취득세 요구가 아닌 제안에 취득세 정책 후보: 다자녀가구 자동차 취득세 취약계층 감면,취약·다양가족 사각지대,저출생사업1팀,다자녀가구 자동차 취득세 취약계층 감면,자동 제거 완료
PROP-194145,저출산 해결방안 제안,TAG_REVIEW,medium,"현재 태그=다자녀·양육비·생활지원, 태그 핵심어 약함",다자녀·양육비·생활지원,저출생사업1팀,,본문 기준 수동 재검토
PROP-193695,저출산 문제가 조금 걱정이 됩니다.,TAG_REVIEW,medium,"현재 태그=주거·교통·도시생활환경, 태그 핵심어 약함",주거·교통·도시생활환경,저출생사업1팀,,본문 기준 수동 재검토
PROP-191846,육아 예술가들의 고독감을 해결하기 위한 육아하는 예술가들의 수다방 ( 手茶房: 창작하고 이야기하고 고민을 나누는 육아 예술가들의 쉼터),TAG_REVIEW,medium,"현재 태그=정보·상담·교육·거버넌스, 태그 핵심어 약함",정보·상담·교육·거버넌스,"가족건강팀, 저출생사업1팀, 가족지원팀",다문화 보육료; 시간제 보육; 만0~5세 보육료; 방과후 보육료,본문 기준 수동 재검토
PROP-186586,보육원 졸업생 대상 직업군인 되기 캠페인,TAG_REVIEW,medium,"현재 태그=일·가정 양립·부모 노동, 태그 핵심어 약함",일·가정 양립·부모 노동,"가족건강팀, 돌봄사업팀, 저출생사업1팀",다문화 보육료; 시간제 보육; 만0~5세 보육료; 방과후 보육료,본문 기준 수동 재검토
PROP-191603,돌봄 노동 인정 반대,TAG_REVIEW,medium,"현재 태그=일·가정 양립·부모 노동, 태그 핵심어 약함",일·가정 양립·부모 노동,"가족건강팀, 돌봄사업팀, 저출생사업1팀",병원동행 전담 아이돌봄서비스; 아픈아이 전담 아이돌봄서비스; 영아 전담 아이돌봄서비스; 영아종일제 아이돌봄 서비스; 초등돌봄교실,본문 기준 수동 재검토
PROP-198243,다자녀 적용 범위 동일 적용,POLICY_REMOVED,high,차량 취득세 요구가 아닌 제안에 취득세 정책 후보: 다자녀 가구 자동차 취득세 감면,다자녀·양육비·생활지원,저출생사업1팀,다자녀 가구 자동차 취득세 감면,자동 제거 완료
PROP-198243,다자녀 적용 범위 동일 적용,POLICY_REMOVED,high,차량 취득세 요구가 아닌 제안에 취득세 정책 후보: 다자녀가구 자동차 취득세 취약계층 감면,다자녀·양육비·생활지원,저출생사업1팀,다자녀가구 자동차 취득세 취약계층 감면,자동 제거 완료
PROP-195464,구에서 운영하는 체육시설에 대해 다자녀 3명 → 2명으로 변경 제한 드립니다.,POLICY_REMOVED,high,공공요금 감면 요구가 아닌 제안에 공공요금 정책 후보: 다자녀 가구 하수도사용료 감면,다자녀·양육비·생활지원,저출생사업1팀,다자녀 가구 하수도사용료 감면,자동 제거 완료
PROP-195464,구에서 운영하는 체육시설에 대해 다자녀 3명 → 2명으로 변경 제한 드립니다.,POLICY_REMOVED,high,차량 취득세 요구가 아닌 제안에 취득세 정책 후보: 다자녀 가구 자동차 취득세 감면,다자녀·양육비·생활지원,저출생사업1팀,다자녀 가구 자동차 취득세 감면,자동 제거 완료
PROP-195464,구에서 운영하는 체육시설에 대해 다자녀 3명 → 2명으로 변경 제한 드립니다.,POLICY_REMOVED,high,차량 취득세 요구가 아닌 제안에 취득세 정책 후보: 다자녀가구 자동차 취득세 취약계층 감면,다자녀·양육비·생활지원,저출생사업1팀,다자녀가구 자동차 취득세 취약계층 감면,자동 제거 완료
PROP-194167,다자녀혜택 연령 상한 폐지 제안,POLICY_REMOVED,high,공공요금 감면 요구가 아닌 제안에 공공요금 정책 후보: 다자녀 가구 하수도사용료 감면,다자녀·양육비·생활지원,저출생사업1팀,다자녀 가구 하수도사용료 감면,자동 제거 완료
PROP-194167,다자녀혜택 연령 상한 폐지 제안,POLICY_REMOVED,high,차량 취득세 요구가 아닌 제안에 취득세 정책 후보: 다자녀 가구 자동차 취득세 감면,다자녀·양육비·생활지원,저출생사업1팀,다자녀 가구 자동차 취득세 감면,자동 제거 완료
PROP-194167,다자녀혜택 연령 상한 폐지 제안,POLICY_REMOVED,high,차량 취득세 요구가 아닌 제안에 취득세 정책 후보: 다자녀가구 자동차 취득세 취약계층 감면,다자녀·양육비·생활지원,저출생사업1팀,다자녀가구 자동차 취득세 취약계층 감면,자동 제거 완료
PROP-182870,육아정보 채널을 일원화해주세요.,TAG_REVIEW,medium,"현재 태그=임신·난임·생식건강, 태그 핵심어 약함",임신·난임·생식건강,"가족건강팀, 돌봄사업팀, 저출생사업1팀",다문화 보육료; 시간제 보육; 만0~5세 보육료; 방과후 보육료,본문 기준 수동 재검토
PROP-194667,출산관련 복지,TAG_REVIEW,medium,"현재 태그=다자녀·양육비·생활지원, 태그 핵심어 약함",다자녀·양육비·생활지원,저출생사업1팀,영아 전담 아이돌봄서비스; 외국인 가사(육아)인력 시범사업; 1인 자영업자 등 배우자 출산휴가급여 지원; 배우자 출산휴가 지원금; 임산부 출산급여 지원,본문 기준 수동 재검토
PROP-198406,다자녀감면 시 공영주차장은 되고 자치구 내 공영주차장은 안되는 규제 해제,POLICY_REMOVED,high,공공요금 감면 요구가 아닌 제안에 공공요금 정책 후보: 다자녀 가구 하수도사용료 감면,다자녀·양육비·생활지원,가족지원팀,다자녀 가구 하수도사용료 감면,자동 제거 완료
PROP-198406,다자녀감면 시 공영주차장은 되고 자치구 내 공영주차장은 안되는 규제 해제,POLICY_REMOVED,high,차량 취득세 요구가 아닌 제안에 취득세 정책 후보: 다자녀 가구 자동차 취득세 감면,다자녀·양육비·생활지원,가족지원팀,다자녀 가구 자동차 취득세 감면,자동 제거 완료
PROP-198406,다자녀감면 시 공영주차장은 되고 자치구 내 공영주차장은 안되는 규제 해제,POLICY_REMOVED,high,차량 취득세 요구가 아닌 제안에 취득세 정책 후보: 다자녀가구 자동차 취득세 취약계층 감면,다자녀·양육비·생활지원,가족지원팀,다자녀가구 자동차 취득세 취약계층 감면,자동 제거 완료
PROP-198295,저출산으로 30년뒤 대한민국은 사라진다고 합니다..,POLICY_REMOVED,high,공공요금 감면 요구가 아닌 제안에 공공요금 정책 후보: 다자녀 가구 하수도사용료 감면,다자녀·양육비·생활지원,저출생사업1팀,다자녀 가구 하수도사용료 감면,자동 제거 완료
PROP-198295,저출산으로 30년뒤 대한민국은 사라진다고 합니다..,POLICY_REMOVED,high,차량 취득세 요구가 아닌 제안에 취득세 정책 후보: 다자녀 가구 자동차 취득세 감면,다자녀·양육비·생활지원,저출생사업1팀,다자녀 가구 자동차 취득세 감면,자동 제거 완료
PROP-198295,저출산으로 30년뒤 대한민국은 사라진다고 합니다..,POLICY_REMOVED,high,차량 취득세 요구가 아닌 제안에 취득세 정책 후보: 다자녀가구 자동차 취득세 취약계층 감면,다자녀·양육비·생활지원,저출생사업1팀,다자녀가구 자동차 취득세 취약계층 감면,자동 제거 완료
PROP-182871,육아네트워크를 위한 공간/차량 등의 민간지원 활성화 요청,TAG_REVIEW,medium,"현재 태그=다자녀·양육비·생활지원, 태그 핵심어 약함",다자녀·양육비·생활지원,저출생사업1팀,,본문 기준 수동 재검토
PROP-193780,돌봄안정화정책,TAG_REVIEW,medium,"현재 태그=임신·난임·생식건강, 태그 핵심어 약함",임신·난임·생식건강,"가족건강팀, 돌봄사업팀, 저출생사업1팀",병원동행 전담 아이돌봄서비스; 아픈아이 전담 아이돌봄서비스; 영아 전담 아이돌봄서비스; 영아종일제 아이돌봄 서비스; 초등돌봄교실,본문 기준 수동 재검토
PROP-201115,여의신월지하차도 다자녀(3자녀 이상) 가구 통행료 할인 적용 제안,POLICY_REMOVED,high,공공요금 감면 요구가 아닌 제안에 공공요금 정책 후보: 다자녀 가구 하수도사용료 감면,다자녀·양육비·생활지원,고령사회정책팀,다자녀 가구 하수도사용료 감면,자동 제거 완료
PROP-201102,서울시 자치구별 다자녀 혜택의 문제점,POLICY_REMOVED,high,공공요금 감면 요구가 아닌 제안에 공공요금 정책 후보: 다자녀 가구 하수도사용료 감면,다자녀·양육비·생활지원,저출생사업1팀,다자녀 가구 하수도사용료 감면,자동 제거 완료
PROP-201102,서울시 자치구별 다자녀 혜택의 문제점,POLICY_REMOVED,high,차량 취득세 요구가 아닌 제안에 취득세 정책 후보: 다자녀 가구 자동차 취득세 감면,다자녀·양육비·생활지원,저출생사업1팀,다자녀 가구 자동차 취득세 감면,자동 제거 완료
PROP-201102,서울시 자치구별 다자녀 혜택의 문제점,POLICY_REMOVED,high,차량 취득세 요구가 아닌 제안에 취득세 정책 후보: 다자녀가구 자동차 취득세 취약계층 감면,다자녀·양육비·생활지원,저출생사업1팀,다자녀가구 자동차 취득세 취약계층 감면,자동 제거 완료
PROP-198269,어린이집 관리 문서 간소화 방안 제안 : 보육 교직원의 업무 효율성을 높여 양질의 보육 서비스 제공에 집중하기 위함,TAG_REVIEW,medium,"현재 태그=취약·다양가족 사각지대, 태그 핵심어 약함",취약·다양가족 사각지대,"가족건강팀, 돌봄사업팀, 저출생사업1팀",다문화 보육료; 시간제 보육; 만0~5세 보육료; 방과후 보육료,본문 기준 수동 재검토
PROP-195676,서울런 다자녀 확대 시기,POLICY_REMOVED,high,공공요금 감면 요구가 아닌 제안에 공공요금 정책 후보: 다자녀 가구 하수도사용료 감면,다자녀·양육비·생활지원,가족지원팀,다자녀 가구 하수도사용료 감면,자동 제거 완료
PROP-195676,서울런 다자녀 확대 시기,POLICY_REMOVED,high,차량 취득세 요구가 아닌 제안에 취득세 정책 후보: 다자녀 가구 자동차 취득세 감면,다자녀·양육비·생활지원,가족지원팀,다자녀 가구 자동차 취득세 감면,자동 제거 완료
PROP-195676,서울런 다자녀 확대 시기,POLICY_REMOVED,high,차량 취득세 요구가 아닌 제안에 취득세 정책 후보: 다자녀가구 자동차 취득세 취약계층 감면,다자녀·양육비·생활지원,가족지원팀,다자녀가구 자동차 취득세 취약계층 감면,자동 제거 완료
PROP-194046,저출산 고령화 대비를 위하여,TAG_REVIEW,medium,"현재 태그=주거·교통·도시생활환경, 태그 핵심어 약함",주거·교통·도시생활환경,저출생사업1팀,,본문 기준 수동 재검토
PROP-193970,도시가스 다자녀 관련,POLICY_REMOVED,high,차량 취득세 요구가 아닌 제안에 취득세 정책 후보: 다자녀 가구 자동차 취득세 감면,다자녀·양육비·생활지원,저출생사업1팀,다자녀 가구 자동차 취득세 감면,자동 제거 완료
PROP-193970,도시가스 다자녀 관련,POLICY_REMOVED,high,차량 취득세 요구가 아닌 제안에 취득세 정책 후보: 다자녀가구 자동차 취득세 취약계층 감면,다자녀·양육비·생활지원,저출생사업1팀,다자녀가구 자동차 취득세 취약계층 감면,자동 제거 완료
PROP-192909,"다자녀 할인 서울시 전역(강서구, 양천구....)",POLICY_REMOVED,high,공공요금 감면 요구가 아닌 제안에 공공요금 정책 후보: 다자녀 가구 하수도사용료 감면,다자녀·양육비·생활지원,가족지원팀,다자녀 가구 하수도사용료 감면,자동 제거 완료
PROP-192909,"다자녀 할인 서울시 전역(강서구, 양천구....)",POLICY_REMOVED,high,차량 취득세 요구가 아닌 제안에 취득세 정책 후보: 다자녀 가구 자동차 취득세 감면,다자녀·양육비·생활지원,가족지원팀,다자녀 가구 자동차 취득세 감면,자동 제거 완료
PROP-192909,"다자녀 할인 서울시 전역(강서구, 양천구....)",POLICY_REMOVED,high,차량 취득세 요구가 아닌 제안에 취득세 정책 후보: 다자녀가구 자동차 취득세 취약계층 감면,다자녀·양육비·생활지원,가족지원팀,다자녀가구 자동차 취득세 취약계층 감면,자동 제거 완료
PROP-180406,육아열차운행,TAG_REVIEW,medium,"현재 태그=보육·돌봄 인프라, 태그 핵심어 약함",보육·돌봄 인프라,가족건강팀,외국인 가사(육아)인력 시범사업; 영아 전담 아이돌봄서비스; 1인 자영업자 등 배우자 출산휴가급여 지원; 1인 자영업자?프리랜서 배우자 출산휴가 지원금; 배우자 출산휴가 지원금,본문 기준 수동 재검토
PROP-180324,다자녀 부모 복지 혜택,TAG_REVIEW,medium,"현재 태그=취약·다양가족 사각지대, 태그 핵심어 약함",취약·다양가족 사각지대,저출생사업1팀,,본문 기준 수동 재검토
PROP-199648,유기견 ‘잠시 돌봄’ 제도 도입을 통한 임시 보호 활성화 방안,TAG_REVIEW,medium,"현재 태그=취약·다양가족 사각지대, 태그 핵심어 약함",취약·다양가족 사각지대,생활지원팀,병원동행 전담 아이돌봄서비스; 아픈아이 전담 아이돌봄서비스; 영아 전담 아이돌봄서비스; 영아종일제 아이돌봄 서비스; 초등돌봄교실,본문 기준 수동 재검토
PROP-186908,재난 기금(서울시 긴급생활비/특별돌봄쿠폰) 선택할 수 없나요?,POLICY_REMOVED,high,공공요금 감면 요구가 아닌 제안에 공공요금 정책 후보: 다자녀 가구 하수도사용료 감면,다자녀·양육비·생활지원,저출생사업1팀,다자녀 가구 하수도사용료 감면,자동 제거 완료
PROP-201656,"[시민규제발굴단] 서울시 보육 격차 해소 : 거주지 벽을 넘는 ""보편적 보육 복지"" 실현을 위한 규제 혁신안",POLICY_REMOVED,high,공공요금 감면 요구가 아닌 제안에 공공요금 정책 후보: 다자녀 가구 하수도사용료 감면,다자녀·양육비·생활지원,저출생사업1팀,다자녀 가구 하수도사용료 감면,자동 제거 완료
PROP-201635,차상위계층 신청 시 가구원 수 및 다자녀 여부를 고려한 차량 가액 기준 완화 제안,POLICY_REMOVED,high,공공요금 감면 요구가 아닌 제안에 공공요금 정책 후보: 다자녀 가구 하수도사용료 감면,취약·다양가족 사각지대,저출생사업1팀,다자녀 가구 하수도사용료 감면,자동 제거 완료
PROP-201635,차상위계층 신청 시 가구원 수 및 다자녀 여부를 고려한 차량 가액 기준 완화 제안,POLICY_REMOVED,high,차량 취득세 요구가 아닌 제안에 취득세 정책 후보: 다자녀 가구 자동차 취득세 감면,취약·다양가족 사각지대,저출생사업1팀,다자녀 가구 자동차 취득세 감면,자동 제거 완료
PROP-201635,차상위계층 신청 시 가구원 수 및 다자녀 여부를 고려한 차량 가액 기준 완화 제안,POLICY_REMOVED,high,차량 취득세 요구가 아닌 제안에 취득세 정책 후보: 다자녀가구 자동차 취득세 취약계층 감면,취약·다양가족 사각지대,저출생사업1팀,다자녀가구 자동차 취득세 취약계층 감면,자동 제거 완료
PROP-201278,서울시 공공자전거 따릉이 다자녀가구 할인 도입 제안,POLICY_REMOVED,high,공공요금 감면 요구가 아닌 제안에 공공요금 정책 후보: 다자녀 가구 하수도사용료 감면,다자녀·양육비·생활지원,저출생사업1팀,다자녀 가구 하수도사용료 감면,자동 제거 완료
PROP-201278,서울시 공공자전거 따릉이 다자녀가구 할인 도입 제안,POLICY_REMOVED,high,차량 취득세 요구가 아닌 제안에 취득세 정책 후보: 다자녀 가구 자동차 취득세 감면,다자녀·양육비·생활지원,저출생사업1팀,다자녀 가구 자동차 취득세 감면,자동 제거 완료
PROP-201278,서울시 공공자전거 따릉이 다자녀가구 할인 도입 제안,POLICY_REMOVED,high,차량 취득세 요구가 아닌 제안에 취득세 정책 후보: 다자녀가구 자동차 취득세 취약계층 감면,다자녀·양육비·생활지원,저출생사업1팀,다자녀가구 자동차 취득세 취약계층 감면,자동 제거 완료
PROP-198192,다자녀관련 공영주차장요금 할인,POLICY_REMOVED,high,공공요금 감면 요구가 아닌 제안에 공공요금 정책 후보: 다자녀 가구 하수도사용료 감면,다자녀·양육비·생활지원,저출생사업1팀,다자녀 가구 하수도사용료 감면,자동 제거 완료
PROP-198192,다자녀관련 공영주차장요금 할인,POLICY_REMOVED,high,차량 취득세 요구가 아닌 제안에 취득세 정책 후보: 다자녀 가구 자동차 취득세 감면,다자녀·양육비·생활지원,저출생사업1팀,다자녀 가구 자동차 취득세 감면,자동 제거 완료
PROP-198192,다자녀관련 공영주차장요금 할인,POLICY_REMOVED,high,차량 취득세 요구가 아닌 제안에 취득세 정책 후보: 다자녀가구 자동차 취득세 취약계층 감면,다자녀·양육비·생활지원,저출생사업1팀,다자녀가구 자동차 취득세 취약계층 감면,자동 제거 완료
PROP-197491,출산장려정책은 역차별이다.,TAG_REVIEW,medium,"현재 태그=취약·다양가족 사각지대, 태그 핵심어 약함",취약·다양가족 사각지대,가족건강팀,,본문 기준 수동 재검토
PROP-196238,청년 복지를 줄이는게 오히려 저출산 해결에 도움됩니다,TAG_REVIEW,medium,"현재 태그=주거·교통·도시생활환경, 태그 핵심어 약함",주거·교통·도시생활환경,저출생사업1팀,,본문 기준 수동 재검토
PROP-195657,다자녀 할인 확대,POLICY_REMOVED,high,공공요금 감면 요구가 아닌 제안에 공공요금 정책 후보: 다자녀 가구 하수도사용료 감면,다자녀·양육비·생활지원,가족지원팀,다자녀 가구 하수도사용료 감면,자동 제거 완료
PROP-195657,다자녀 할인 확대,POLICY_REMOVED,high,차량 취득세 요구가 아닌 제안에 취득세 정책 후보: 다자녀 가구 자동차 취득세 감면,다자녀·양육비·생활지원,가족지원팀,다자녀 가구 자동차 취득세 감면,자동 제거 완료
PROP-195657,다자녀 할인 확대,POLICY_REMOVED,high,차량 취득세 요구가 아닌 제안에 취득세 정책 후보: 다자녀가구 자동차 취득세 취약계층 감면,다자녀·양육비·생활지원,가족지원팀,다자녀가구 자동차 취득세 취약계층 감면,자동 제거 완료
PROP-195496,연령별출산대책,TAG_REVIEW,medium,"현재 태그=임신·난임·생식건강, 태그 핵심어 약함",임신·난임·생식건강,가족건강팀,,본문 기준 수동 재검토
PROP-194144,서울시민과 출산율 증가를 위한 여성 달리기 대회,TAG_REVIEW,medium,"현재 태그=임신·난임·생식건강, 태그 핵심어 약함",임신·난임·생식건강,가족건강팀,다문화 보육료; 시간제 보육; 만0~5세 보육료; 방과후 보육료,본문 기준 수동 재검토
PROP-193669,서울시에서 세계 최저 출산율 개선 제언,TAG_REVIEW,medium,"현재 태그=주거·교통·도시생활환경, 태그 핵심어 약함",주거·교통·도시생활환경,가족건강팀,,본문 기준 수동 재검토
PROP-193159,희망의 인문학 프로그램과 보육원,TAG_REVIEW,medium,"현재 태그=정보·상담·교육·거버넌스, 태그 핵심어 약함",정보·상담·교육·거버넌스,돌봄사업팀,다문화 보육료; 시간제 보육; 만0~5세 보육료; 방과후 보육료,본문 기준 수동 재검토
PROP-185277,조부모육아경제적지원해주세요,TAG_REVIEW,medium,"현재 태그=보육·돌봄 인프라, 태그 핵심어 약함",보육·돌봄 인프라,돌봄사업팀,,본문 기준 수동 재검토
PROP-185272,조부모 육아,TAG_REVIEW,medium,"현재 태그=보육·돌봄 인프라, 태그 핵심어 약함",보육·돌봄 인프라,돌봄사업팀,,본문 기준 수동 재검토
PROP-184604,동성연애 시청앞 대형행사  출산감소 부채질,TAG_REVIEW,medium,"현재 태그=취약·다양가족 사각지대, 태그 핵심어 약함",취약·다양가족 사각지대,다문화지원팀,,본문 기준 수동 재검토
PROP-184161,다자녀공영주차장할인제도개선사항,POLICY_REMOVED,high,공공요금 감면 요구가 아닌 제안에 공공요금 정책 후보: 다자녀 가구 하수도사용료 감면,다자녀·양육비·생활지원,저출생사업1팀,다자녀 가구 하수도사용료 감면,자동 제거 완료
PROP-184161,다자녀공영주차장할인제도개선사항,POLICY_REMOVED,high,차량 취득세 요구가 아닌 제안에 취득세 정책 후보: 다자녀 가구 자동차 취득세 감면,다자녀·양육비·생활지원,저출생사업1팀,다자녀 가구 자동차 취득세 감면,자동 제거 완료
PROP-184161,다자녀공영주차장할인제도개선사항,POLICY_REMOVED,high,차량 취득세 요구가 아닌 제안에 취득세 정책 후보: 다자녀가구 자동차 취득세 취약계층 감면,다자녀·양육비·생활지원,저출생사업1팀,다자녀가구 자동차 취득세 취약계층 감면,자동 제거 완료
PROP-183353,다자녀 전용주차장 설치,POLICY_REMOVED,high,공공요금 감면 요구가 아닌 제안에 공공요금 정책 후보: 다자녀 가구 하수도사용료 감면,다자녀·양육비·생활지원,저출생사업1팀,다자녀 가구 하수도사용료 감면,자동 제거 완료
PROP-183353,다자녀 전용주차장 설치,POLICY_REMOVED,high,차량 취득세 요구가 아닌 제안에 취득세 정책 후보: 다자녀 가구 자동차 취득세 감면,다자녀·양육비·생활지원,저출생사업1팀,다자녀 가구 자동차 취득세 감면,자동 제거 완료
PROP-183353,다자녀 전용주차장 설치,POLICY_REMOVED,high,차량 취득세 요구가 아닌 제안에 취득세 정책 후보: 다자녀가구 자동차 취득세 취약계층 감면,다자녀·양육비·생활지원,저출생사업1팀,다자녀가구 자동차 취득세 취약계층 감면,자동 제거 완료
PROP-182496,저출산 대책(국민연금  수령연령과 연계),TAG_REVIEW,medium,"현재 태그=다자녀·양육비·생활지원, 태그 핵심어 약함",다자녀·양육비·생활지원,저출생사업1팀,,본문 기준 수동 재검토
PROP-181473,다자녀가정 할인 정책,POLICY_REMOVED,high,공공요금 감면 요구가 아닌 제안에 공공요금 정책 후보: 다자녀 가구 하수도사용료 감면,다자녀·양육비·생활지원,저출생사업1팀,다자녀 가구 하수도사용료 감면,자동 제거 완료
PROP-181473,다자녀가정 할인 정책,POLICY_REMOVED,high,차량 취득세 요구가 아닌 제안에 취득세 정책 후보: 다자녀 가구 자동차 취득세 감면,다자녀·양육비·생활지원,저출생사업1팀,다자녀 가구 자동차 취득세 감면,자동 제거 완료
PROP-181473,다자녀가정 할인 정책,POLICY_REMOVED,high,차량 취득세 요구가 아닌 제안에 취득세 정책 후보: 다자녀가구 자동차 취득세 취약계층 감면,다자녀·양육비·생활지원,저출생사업1팀,다자녀가구 자동차 취득세 취약계층 감면,자동 제거 완료
PROP-180667,다자녀 혜택논의,POLICY_REMOVED,high,공공요금 감면 요구가 아닌 제안에 공공요금 정책 후보: 다자녀 가구 하수도사용료 감면,다자녀·양육비·생활지원,"장애인가족지원팀, 가족지원팀, 저출생사업1팀",다자녀 가구 하수도사용료 감면,자동 제거 완료
PROP-180667,다자녀 혜택논의,POLICY_REMOVED,high,차량 취득세 요구가 아닌 제안에 취득세 정책 후보: 다자녀 가구 자동차 취득세 감면,다자녀·양육비·생활지원,"장애인가족지원팀, 가족지원팀, 저출생사업1팀",다자녀 가구 자동차 취득세 감면,자동 제거 완료
PROP-180667,다자녀 혜택논의,POLICY_REMOVED,high,차량 취득세 요구가 아닌 제안에 취득세 정책 후보: 다자녀가구 자동차 취득세 취약계층 감면,다자녀·양육비·생활지원,"장애인가족지원팀, 가족지원팀, 저출생사업1팀",다자녀가구 자동차 취득세 취약계층 감면,자동 제거 완료
PROP-180655,저출산 대책) 다자녀 가정 차량 운영 지원건,POLICY_REMOVED,high,공공요금 감면 요구가 아닌 제안에 공공요금 정책 후보: 다자녀 가구 하수도사용료 감면,다자녀·양육비·생활지원,저출생사업1팀,다자녀 가구 하수도사용료 감면,자동 제거 완료
PROP-180628,다자녀 장학생 역차별 제도개선,POLICY_REMOVED,high,공공요금 감면 요구가 아닌 제안에 공공요금 정책 후보: 다자녀 가구 하수도사용료 감면,다자녀·양육비·생활지원,가족지원팀,다자녀 가구 하수도사용료 감면,자동 제거 완료
PROP-180628,다자녀 장학생 역차별 제도개선,POLICY_REMOVED,high,차량 취득세 요구가 아닌 제안에 취득세 정책 후보: 다자녀 가구 자동차 취득세 감면,다자녀·양육비·생활지원,가족지원팀,다자녀 가구 자동차 취득세 감면,자동 제거 완료
PROP-180628,다자녀 장학생 역차별 제도개선,POLICY_REMOVED,high,차량 취득세 요구가 아닌 제안에 취득세 정책 후보: 다자녀가구 자동차 취득세 취약계층 감면,다자녀·양육비·생활지원,가족지원팀,다자녀가구 자동차 취득세 취약계층 감면,자동 제거 완료
PROP-201935,최중증 발달장애인 통합돌봄 종사자의 '가족돌봄휴가' 사용 기준 명확화 및 처우 개선 건의,TAG_REVIEW,medium,"현재 태그=정보·상담·교육·거버넌스, 태그 핵심어 약함",정보·상담·교육·거버넌스,돌봄사업팀,서울형 육아휴직장려금; 서울형 육아휴직장려금(사업종료); 1인 자영업자?프리랜서 배우자 출산휴가 지원금; 서울시 중소기업 워라밸 포인트제; 서울형 강소기업 지원,본문 기준 수동 재검토
PROP-194620,서울시 관내의 모유수유시설의 한글 명칭과 영문 명칭 통일 해 주세요.,TAG_REVIEW,medium,"현재 태그=주거·교통·도시생활환경, 태그 핵심어 약함",주거·교통·도시생활환경,가족지원팀,,본문 기준 수동 재검토
PROP-184431,정신장애인을 위해 서울케어 건강돌봄팀에 정신건강사회복지사도 넣어주세요!,TAG_REVIEW,medium,"현재 태그=임신·난임·생식건강, 태그 핵심어 약함",임신·난임·생식건강,"가족건강팀, 돌봄사업팀, 장애인가족지원팀",병원동행 전담 아이돌봄서비스; 아픈아이 전담 아이돌봄서비스; 영아 전담 아이돌봄서비스; 영아종일제 아이돌봄 서비스; 초등돌봄교실,본문 기준 수동 재검토
PROP-182889,낙인 차별없는 지역이동센터에  돌봄의 확대,TAG_REVIEW,medium,"현재 태그=다자녀·양육비·생활지원, 태그 핵심어 약함",다자녀·양육비·생활지원,"가족건강팀, 돌봄사업팀, 저출생사업1팀",병원동행 전담 아이돌봄서비스; 아픈아이 전담 아이돌봄서비스; 영아 전담 아이돌봄서비스; 영아종일제 아이돌봄 서비스; 초등돌봄교실,본문 기준 수동 재검토
PROP-180778,서울을 방문한 외국인 관광객을 위한 유모차 대여서비스를 해주세요,TAG_REVIEW,medium,"현재 태그=취약·다양가족 사각지대, 태그 핵심어 약함",취약·다양가족 사각지대,다문화지원팀,,본문 기준 수동 재검토
PROP-180569,노노 돌봄 봉사와 마일리지,TAG_REVIEW,medium,"현재 태그=임신·난임·생식건강, 태그 핵심어 약함",임신·난임·생식건강,"가족건강팀, 돌봄사업팀, 저출생사업1팀",병원동행 전담 아이돌봄서비스; 아픈아이 전담 아이돌봄서비스; 영아 전담 아이돌봄서비스; 영아종일제 아이돌봄 서비스; 초등돌봄교실,본문 기준 수동 재검토
PROP-193089,이편한동행 - 고독사 예방을 위한 지역사회 통합돌봄 시범 사업 제안,TAG_REVIEW,medium,"현재 태그=임신·난임·생식건강, 태그 핵심어 약함",임신·난임·생식건강,돌봄사업팀,병원동행 전담 아이돌봄서비스; 아픈아이 전담 아이돌봄서비스; 영아 전담 아이돌봄서비스; 영아종일제 아이돌봄 서비스; 초등돌봄교실,본문 기준 수동 재검토
PROP-187957,공동육아초등방과후의 사회적 인정과 제도적 지원을 원합니다.,TAG_REVIEW,medium,"현재 태그=취약·다양가족 사각지대, 태그 핵심어 약함",취약·다양가족 사각지대,가족지원팀,영아 전담 아이돌봄서비스; 서울시 중소기업 워라밸 포인트제; 외국인 가사(육아)인력 시범사업; 서울형 육아휴직장려금; 서울형 육아휴직장려금(사업종료),본문 기준 수동 재검토
PROP-196679,푸바오와 쌍둥이들？,TAG_REVIEW,medium,"현재 태그=주거·교통·도시생활환경, 태그 핵심어 약함",주거·교통·도시생활환경,저출생사업1팀,,본문 기준 수동 재검토
